id,date,day_type,max_zone1_people,max_zone2_people,max_total_people_count,zone1_occupancy_status,zone2_occupancy_status,zone1_occupancy_duration,zone2_occupancy_duration,zone1_light_hours,zone1_fan_hours,zone2_light_hours,zone2_fan_hours,zone1_energy_kwh,zone2_energy_kwh,daily_energy_kwh,working_day,holiday,exam_day,special_class,event_day,vacation_day,temperature,humidity,average_class_duration
1,2023-01-01,Sunday,0,0,0,0,0,0.0,0.0,0.0,0.0,0.0,0.0,0.0,0.0,0.0,0,1,0,0,0,0,20.51,39.9,0.0
2,2023-01-02,Normal_Weekday,37,26,55,1,1,4.16,4.28,3.82,2.89,4.06,2.41,0.37,0.343,0.713,1,0,0,0,0,0,21.81,70.61,4.16
3,2023-01-03,Exam,31,43,52,1,1,3.87,3.51,3.59,2.81,3.37,2.08,0.354,0.291,0.645,1,0,1,0,0,0,23.54,62.52,3.72
4,2023-01-04,Normal_Weekday,50,36,56,1,1,6.02,6.3,5.34,3.47,5.68,3.93,0.474,0.522,0.996,1,0,0,0,0,0,21.2,42.41,6.69
5,2023-01-05,Normal_Weekday,25,22,33,1,1,4.52,4.73,4.28,2.7,4.48,2.66,0.374,0.379,0.753,1,0,0,0,0,0,20.56,54.22,4.91
6,2023-01-06,Normal_Weekday,34,6,31,1,1,4.95,3.95,4.79,3.28,3.52,2.62,0.438,0.337,0.775,1,0,0,0,0,0,19.01,46.95,4.79
7,2023-01-07,Special_Class,48,13,42,1,1,3.71,3.34,3.51,2.17,3.18,1.92,0.303,0.271,0.574,1,0,0,1,0,0,21.83,44.43,3.9
8,2023-01-08,Sunday,0,0,0,0,0,0.0,0.0,0.0,0.0,0.0,0.0,0.0,0.0,0.0,0,1,0,0,0,0,18.75,57.32,0.0
9,2023-01-09,Normal_Weekday,21,12,26,1,1,5.18,5.93,4.84,3.72,5.29,3.91,0.473,0.505,0.978,1,0,0,0,0,0,23.09,61.23,5.71
10,2023-01-10,Normal_Weekday,24,34,47,1,1,5.13,4.83,5.0,3.29,4.66,3.08,0.447,0.417,0.864,1,0,0,0,0,0,20.78,61.08,5.31
11,2023-01-11,Normal_Weekday,25,29,45,1,1,6.06,5.27,5.63,4.14,4.77,4.0,0.536,0.491,1.027,1,0,0,0,0,0,26.06,57.1,6.05
12,2023-01-12,Normal_Weekday,24,38,42,1,1,7.36,8.19,7.18,5.54,7.22,5.21,0.703,0.68,1.383,1,0,0,0,0,0,21.78,56.16,8.0
13,2023-01-13,Event,37,71,74,1,1,7.27,7.11,7.15,4.5,6.78,4.96,0.624,0.643,1.267,1,0,0,0,1,0,21.68,48.41,7.69
14,2023-01-14,Saturday_Class,15,15,28,1,1,2.83,3.01,2.55,1.71,2.94,1.56,0.23,0.235,0.465,1,0,0,0,0,0,24.37,53.89,3.18
15,2023-01-15,Sunday,0,0,0,0,0,0.0,0.0,0.0,0.0,0.0,0.0,0.0,0.0,0.0,0,1,0,0,0,0,25.41,51.46,0.0
16,2023-01-16,Normal_Weekday,41,14,41,1,1,5.05,4.22,4.67,3.49,3.89,2.02,0.449,0.307,0.756,1,0,0,0,0,0,22.32,50.47,4.95
17,2023-01-17,Normal_Weekday,65,41,75,1,1,3.87,3.66,3.68,2.86,3.44,2.39,0.362,0.317,0.679,1,0,0,0,0,0,20.76,61.52,4.47
18,2023-01-18,Normal_Weekday,40,29,47,1,1,5.14,5.53,4.54,3.83,5.45,3.73,0.469,0.498,0.967,1,0,0,0,0,0,27.37,51.94,5.51
19,2023-01-19,Normal_Weekday,19,10,21,1,1,6.32,5.48,6.2,3.41,4.87,3.56,0.504,0.462,0.966,1,0,0,0,0,0,21.64,49.04,6.21
20,2023-01-20,Exam,39,51,66,1,1,5.72,4.88,5.51,3.05,4.75,3.71,0.449,0.468,0.917,1,0,1,0,0,0,21.64,68.2,5.83
21,2023-01-21,Saturday_Class,9,17,23,1,1,4.2,3.83,4.02,2.26,3.73,2.19,0.33,0.313,0.643,1,0,0,0,0,0,21.56,50.32,4.09
22,2023-01-22,Sunday,0,0,0,0,0,0.0,0.0,0.0,0.0,0.0,0.0,0.0,0.0,0.0,0,1,0,0,0,0,20.52,57.35,0.0
23,2023-01-23,Holiday,0,0,0,0,0,0.0,0.0,0.0,0.0,0.0,0.0,0.0,0.0,0.0,0,1,0,0,0,0,22.87,45.9,0.0
24,2023-01-24,Normal_Weekday,23,34,37,1,1,4.23,4.1,3.83,2.23,3.7,2.5,0.32,0.336,0.656,1,0,0,0,0,0,21.21,67.26,4.93
25,2023-01-25,Exam,51,49,87,1,1,3.68,2.93,3.46,2.29,2.59,1.94,0.31,0.249,0.559,1,0,1,0,0,0,23.07,55.81,3.67
26,2023-01-26,Holiday,0,0,0,0,0,0.0,0.0,0.0,0.0,0.0,0.0,0.0,0.0,0.0,0,1,0,0,0,0,23.21,66.16,0.0
27,2023-01-27,Holiday,0,0,0,0,0,0.0,0.0,0.0,0.0,0.0,0.0,0.0,0.0,0.0,0,1,0,0,0,0,20.91,51.83,0.0
28,2023-01-28,Saturday_Class,12,13,23,1,1,3.49,4.23,3.2,2.44,4.16,2.38,0.311,0.345,0.656,1,0,0,0,0,0,22.66,41.23,4.05
29,2023-01-29,Sunday,0,0,0,0,0,0.0,0.0,0.0,0.0,0.0,0.0,0.0,0.0,0.0,0,1,0,0,0,0,21.17,63.37,0.0
30,2023-01-30,Normal_Weekday,13,40,35,1,1,2.69,2.63,2.59,1.52,2.33,1.86,0.218,0.233,0.451,1,0,0,0,0,0,24.52,62.5,3.0
31,2023-01-31,Normal_Weekday,18,14,28,1,1,3.8,4.39,3.76,2.54,4.26,2.87,0.341,0.386,0.727,1,0,0,0,0,0,21.82,51.27,4.47
32,2023-02-01,Normal_Weekday,42,31,58,1,1,4.96,4.07,4.62,3.64,4.04,2.62,0.458,0.358,0.816,1,0,0,0,0,0,19.42,62.46,4.75
33,2023-02-02,Normal_Weekday,36,20,49,1,1,6.85,6.08,6.67,5.48,5.48,4.68,0.678,0.57,1.248,1,0,0,0,0,0,25.19,63.67,6.72
34,2023-02-03,Exam,62,43,84,1,1,5.15,4.99,5.0,3.99,4.67,3.95,0.499,0.483,0.982,1,0,1,0,0,0,26.21,58.38,5.66
35,2023-02-04,Special_Class,8,41,32,1,1,4.75,4.79,4.21,3.59,4.33,3.22,0.438,0.415,0.853,1,0,0,1,0,0,26.11,53.4,5.36
36,2023-02-05,Sunday,0,0,0,0,0,0.0,0.0,0.0,0.0,0.0,0.0,0.0,0.0,0.0,0,1,0,0,0,0,19.47,61.89,0.0
37,2023-02-06,Normal_Weekday,14,39,43,1,1,6.26,6.09,5.91,2.98,5.95,3.17,0.46,0.476,0.936,1,0,0,0,0,0,19.39,56.36,6.08
38,2023-02-07,Normal_Weekday,29,31,46,1,1,6.84,5.7,6.39,4.44,5.32,3.93,0.589,0.508,1.097,1,0,0,0,0,0,24.91,57.59,6.96
39,2023-02-08,Normal_Weekday,22,36,39,1,1,3.62,3.69,3.23,2.26,3.42,2.79,0.299,0.346,0.645,1,0,0,0,0,0,27.56,39.27,3.78
40,2023-02-09,Normal_Weekday,22,22,41,1,1,5.78,6.21,5.36,3.05,5.89,3.76,0.443,0.518,0.961,1,0,0,0,0,0,22.83,55.14,5.98
41,2023-02-10,Event,56,60,90,1,1,4.56,4.61,4.11,3.27,4.2,3.35,0.41,0.419,0.829,1,0,0,0,1,0,20.31,45.77,5.32
42,2023-02-11,Saturday_Class,15,20,32,1,1,2.21,2.21,2.03,1.28,2.11,1.29,0.177,0.181,0.358,1,0,0,0,0,0,21.31,46.2,2.23
43,2023-02-12,Sunday,0,0,0,0,0,0.0,0.0,0.0,0.0,0.0,0.0,0.0,0.0,0.0,0,1,0,0,0,0,22.78,50.18,0.0
44,2023-02-13,Normal_Weekday,48,29,71,1,1,5.48,5.84,5.29,4.15,5.55,3.95,0.523,0.518,1.041,1,0,0,0,0,0,23.64,60.2,6.29
45,2023-02-14,Normal_Weekday,23,24,34,1,1,3.31,3.21,3.29,2.19,3.05,2.0,0.296,0.272,0.568,1,0,0,0,0,0,24.16,51.72,3.19
46,2023-02-15,Normal_Weekday,47,24,64,1,1,5.6,5.54,5.07,3.11,5.21,3.44,0.436,0.466,0.902,1,0,0,0,0,0,23.57,63.28,5.66
47,2023-02-16,Normal_Weekday,32,25,44,1,1,6.25,6.2,6.24,3.85,5.56,3.64,0.538,0.495,1.033,1,0,0,0,0,0,23.89,69.87,6.32
48,2023-02-17,Exam,40,36,57,1,1,5.05,4.29,4.79,3.52,4.07,2.46,0.456,0.347,0.803,1,0,1,0,0,0,24.96,68.75,4.94
49,2023-02-18,Saturday_Class,18,19,30,1,1,2.82,2.71,2.49,1.43,2.42,1.84,0.207,0.235,0.442,1,0,0,0,0,0,18.02,55.77,3.07
50,2023-02-19,Sunday,0,0,0,0,0,0.0,0.0,0.0,0.0,0.0,0.0,0.0,0.0,0.0,0,1,0,0,0,0,22.35,54.0,0.0
51,2023-02-20,Normal_Weekday,20,43,59,1,1,6.32,6.13,5.66,3.59,5.44,4.71,0.496,0.571,1.067,1,0,0,0,0,0,21.39,58.17,6.04
52,2023-02-21,Normal_Weekday,8,27,26,1,1,6.31,6.8,5.74,3.42,6.51,3.94,0.486,0.556,1.042,1,0,0,0,0,0,19.38,58.23,6.56
53,2023-02-22,Normal_Weekday,33,23,45,1,1,6.11,5.76,5.53,3.93,5.19,3.83,0.516,0.495,1.011,1,0,0,0,0,0,21.46,51.0,6.44
54,2023-02-23,Normal_Weekday,29,31,42,1,1,5.94,5.34,5.84,3.4,5.13,3.0,0.489,0.43,0.919,1,0,0,0,0,0,23.88,55.63,5.95
55,2023-02-24,Normal_Weekday,36,27,46,1,1,4.25,5.01,3.97,3.2,4.8,3.62,0.399,0.464,0.863,1,0,0,0,0,0,25.11,47.24,4.97
56,2023-02-25,Saturday_Class,30,22,38,1,1,3.1,3.37,2.85,2.43,3.07,2.56,0.296,0.315,0.611,1,0,0,0,0,0,22.84,62.11,3.45
57,2023-02-26,Sunday,0,0,0,0,0,0.0,0.0,0.0,0.0,0.0,0.0,0.0,0.0,0.0,0,1,0,0,0,0,23.72,58.4,0.0
58,2023-02-27,Normal_Weekday,22,43,55,1,1,6.03,5.58,5.49,4.16,5.11,3.38,0.532,0.458,0.99,1,0,0,0,0,0,25.22,51.75,5.95
59,2023-02-28,Event,57,77,90,1,1,8.37,6.91,7.65,5.07,6.8,4.7,0.686,0.624,1.31,1,0,0,0,1,0,21.77,59.61,8.18
60,2023-03-01,Normal_Weekday,26,38,45,1,1,5.6,5.2,5.36,5.13,4.58,4.33,0.599,0.508,1.107,1,0,0,0,0,0,31.13,69.22,5.54
61,2023-03-02,Normal_Weekday,33,22,47,1,1,4.61,3.78,4.57,4.06,3.37,2.97,0.487,0.358,0.845,1,0,0,0,0,0,32.42,51.77,4.5
62,2023-03-03,Normal_Weekday,32,23,39,1,1,4.76,4.55,4.29,3.98,4.26,3.94,0.47,0.466,0.936,1,0,0,0,0,0,32.35,48.97,5.22
63,2023-03-04,Saturday_Class,10,19,25,1,1,3.84,3.28,3.83,3.43,2.95,2.45,0.41,0.302,0.712,1,0,0,0,0,0,33.87,44.03,3.8
64,2023-03-05,Sunday,0,0,0,0,0,0.0,0.0,0.0,0.0,0.0,0.0,0.0,0.0,0.0,0,1,0,0,0,0,34.56,61.21,0.0
65,2023-03-06,Normal_Weekday,39,26,45,1,1,6.15,5.95,5.64,5.19,5.35,4.98,0.615,0.588,1.203,1,0,0,0,0,0,31.09,65.63,6.31
66,2023-03-07,Normal_Weekday,22,24,43,1,1,5.05,4.88,4.81,4.71,4.4,4.5,0.546,0.514,1.06,1,0,0,0,0,0,32.78,71.3,5.57
67,2023-03-08,Normal_Weekday,27,34,52,1,1,4.47,4.64,4.3,3.75,4.62,4.55,0.453,0.526,0.979,1,0,0,0,0,0,34.8,61.52,4.86
68,2023-03-09,Normal_Weekday,34,42,61,1,1,6.25,5.49,6.13,4.58,4.93,4.22,0.589,0.514,1.103,1,0,0,0,0,0,29.32,52.58,6.72
69,2023-03-10,Normal_Weekday,28,25,49,1,1,4.66,4.04,4.11,3.99,3.88,3.67,0.464,0.43,0.894,1,0,0,0,0,0,31.32,68.82,4.63
70,2023-03-11,Saturday_Class,22,22,33,1,1,4.54,4.03,4.01,3.59,3.81,2.73,0.43,0.357,0.787,1,0,0,0,0,0,30.36,54.27,4.95
71,2023-03-12,Sunday,0,0,0,0,0,0.0,0.0,0.0,0.0,0.0,0.0,0.0,0.0,0.0,0,1,0,0,0,0,36.12,56.96,0.0
72,2023-03-13,Normal_Weekday,47,18,60,1,1,4.48,5.02,4.42,3.77,4.77,4.14,0.46,0.501,0.961,1,0,0,0,0,0,29.91,65.77,4.84
73,2023-03-14,Normal_Weekday,35,31,56,1,1,6.73,5.85,6.45,5.32,5.71,4.53,0.657,0.568,1.225,1,0,0,0,0,0,31.36,44.1,6.89
74,2023-03-15,Normal_Weekday,34,37,46,1,1,6.21,6.57,5.54,5.66,6.29,5.54,0.646,0.667,1.313,1,0,0,0,0,0,34.1,50.53,6.65
75,2023-03-16,Exam,48,32,52,1,1,4.31,4.33,4.14,3.29,4.21,3.65,0.412,0.442,0.854,1,0,1,0,0,0,31.61,57.32,4.76
76,2023-03-17,Event,50,22,62,1,1,5.61,4.38,5.54,5.1,4.11,3.77,0.604,0.447,1.051,1,0,0,0,1,0,32.08,36.09,5.37
77,2023-03-18,Special_Class,22,39,53,1,1,3.31,2.63,3.27,2.47,2.44,1.94,0.316,0.243,0.559,1,0,0,1,0,0,30.66,69.25,3.17
78,2023-03-19,Sunday,0,0,0,0,0,0.0,0.0,0.0,0.0,0.0,0.0,0.0,0.0,0.0,0,1,0,0,0,0,34.66,48.09,0.0
79,2023-03-20,Event,35,23,51,1,1,5.67,6.0,5.17,4.76,5.77,4.37,0.564,0.559,1.123,1,0,0,0,1,0,33.8,50.39,6.09
80,2023-03-21,Normal_Weekday,43,32,64,1,1,4.47,4.37,3.97,3.4,4.31,3.02,0.414,0.399,0.813,1,0,0,0,0,0,30.56,54.78,4.86
81,2023-03-22,Normal_Weekday,21,29,38,1,1,6.5,6.13,6.09,6.12,5.77,5.57,0.703,0.649,1.352,1,0,0,0,0,0,31.77,68.01,7.2
82,2023-03-23,Normal_Weekday,21,19,38,1,1,3.41,3.62,3.0,2.83,3.51,2.9,0.332,0.358,0.69,1,0,0,0,0,0,32.16,56.74,3.75
83,2023-03-24,Normal_Weekday,42,25,56,1,1,5.61,5.11,5.17,4.82,4.75,4.54,0.568,0.53,1.098,1,0,0,0,0,0,33.92,49.97,5.37
84,2023-03-25,Saturday_Class,20,27,39,1,1,2.98,3.26,2.68,2.45,3.14,2.62,0.291,0.322,0.613,1,0,0,0,0,0,31.31,67.96,3.43
85,2023-03-26,Sunday,0,0,0,0,0,0.0,0.0,0.0,0.0,0.0,0.0,0.0,0.0,0.0,0,1,0,0,0,0,32.82,53.34,0.0
86,2023-03-27,Normal_Weekday,15,27,36,1,1,5.54,5.47,5.46,4.07,5.47,3.42,0.524,0.475,0.999,1,0,0,0,0,0,27.72,61.11,5.69
87,2023-03-28,Exam,32,45,72,1,1,5.79,5.23,5.76,4.35,4.61,3.72,0.557,0.463,1.02,1,0,1,0,0,0,27.55,55.87,5.95
88,2023-03-29,Exam,43,48,86,1,1,5.25,5.52,4.73,5.07,4.87,5.13,0.569,0.58,1.149,1,0,1,0,0,0,34.45,63.97,5.81
89,2023-03-30,Normal_Weekday,21,11,29,1,1,5.11,5.15,5.03,3.6,4.95,3.13,0.471,0.433,0.904,1,0,0,0,0,0,26.44,60.0,5.29
90,2023-03-31,Normal_Weekday,20,22,34,1,1,5.7,5.21,5.3,4.21,5.09,3.92,0.528,0.498,1.026,1,0,0,0,0,0,30.7,45.26,5.78
91,2023-04-01,Saturday_Class,21,19,33,1,1,3.18,3.23,3.03,2.76,2.95,2.41,0.328,0.299,0.627,1,0,0,0,0,0,32.34,53.08,3.54
92,2023-04-02,Sunday,0,0,0,0,0,0.0,0.0,0.0,0.0,0.0,0.0,0.0,0.0,0.0,0,1,0,0,0,0,30.29,59.24,0.0
93,2023-04-03,Normal_Weekday,34,19,50,1,1,5.46,4.72,5.1,3.81,4.56,3.03,0.49,0.41,0.9,1,0,0,0,0,0,29.94,58.96,5.24
94,2023-04-04,Exam,45,27,66,1,1,4.62,4.9,4.29,3.39,4.53,3.64,0.426,0.454,0.88,1,0,1,0,0,0,30.02,52.62,4.69
95,2023-04-05,Exam,55,51,90,1,1,4.64,4.28,4.2,3.89,3.99,3.45,0.46,0.418,0.878,1,0,1,0,0,0,33.98,68.95,5.34
96,2023-04-06,Normal_Weekday,15,17,29,1,1,4.63,4.77,4.35,3.36,4.6,2.96,0.426,0.406,0.832,1,0,0,0,0,0,27.23,65.47,4.64
97,2023-04-07,Normal_Weekday,35,30,60,1,1,5.02,4.63,4.91,4.93,4.35,3.84,0.566,0.462,1.028,1,0,0,0,0,0,35.0,73.57,5.36
98,2023-04-08,Special_Class,44,65,90,1,1,5.26,5.85,4.83,4.15,5.52,4.39,0.504,0.55,1.054,1,0,0,1,0,0,32.8,47.43,6.18
99,2023-04-09,Sunday,0,0,0,0,0,0.0,0.0,0.0,0.0,0.0,0.0,0.0,0.0,0.0,0,1,0,0,0,0,33.07,49.31,0.0
100,2023-04-10,Holiday,0,0,0,0,0,0.0,0.0,0.0,0.0,0.0,0.0,0.0,0.0,0.0,0,1,0,0,0,0,30.64,61.83,0.0
101,2023-04-11,Normal_Weekday,47,38,76,1,1,4.87,4.8,4.76,3.53,4.42,3.59,0.455,0.446,0.901,1,0,0,0,0,0,29.49,46.54,5.01
102,2023-04-12,Normal_Weekday,28,36,49,1,1,5.48,5.36,4.88,4.29,4.99,4.71,0.517,0.553,1.07,1,0,0,0,0,0,32.66,76.67,6.31
103,2023-04-13,Normal_Weekday,33,18,34,1,1,4.64,4.46,4.09,4.24,4.44,3.99,0.482,0.477,0.959,1,0,0,0,0,0,34.61,65.07,4.53
104,2023-04-14,Normal_Weekday,59,7,49,1,1,4.32,3.92,4.1,4.27,3.6,2.92,0.484,0.363,0.847,1,0,0,0,0,0,33.95,64.38,4.8
105,2023-04-15,Saturday_Class,16,16,21,1,1,2.64,2.76,2.48,2.29,2.45,2.47,0.271,0.283,0.554,1,0,0,0,0,0,32.62,66.99,2.8
106,2023-04-16,Sunday,0,0,0,0,0,0.0,0.0,0.0,0.0,0.0,0.0,0.0,0.0,0.0,0,1,0,0,0,0,28.08,59.99,0.0
107,2023-04-17,Normal_Weekday,26,39,45,1,1,6.16,7.38,5.63,5.15,7.28,6.51,0.611,0.779,1.39,1,0,0,0,0,0,31.3,58.79,7.11
108,2023-04-18,Normal_Weekday,50,29,56,1,1,6.61,6.51,6.37,5.86,5.97,5.23,0.694,0.631,1.325,1,0,0,0,0,0,30.35,63.2,6.5
109,2023-04-19,Normal_Weekday,23,30,35,1,1,3.99,4.04,3.7,3.37,3.75,2.74,0.401,0.356,0.757,1,0,0,0,0,0,29.46,52.66,4.1
110,2023-04-20,Normal_Weekday,60,48,90,1,1,5.69,5.31,5.2,4.55,4.83,4.19,0.549,0.507,1.056,1,0,0,0,0,0,29.87,66.64,5.71
111,2023-04-21,Normal_Weekday,7,30,33,1,1,5.5,5.03,5.49,3.99,4.48,4.22,0.519,0.496,1.015,1,0,0,0,0,0,31.47,53.39,5.31
112,2023-04-22,Saturday_Class,15,3,12,1,1,2.88,2.61,2.68,1.93,2.46,1.82,0.252,0.235,0.487,1,0,0,0,0,0,30.57,58.04,3.0
113,2023-04-23,Sunday,0,0,0,0,0,0.0,0.0,0.0,0.0,0.0,0.0,0.0,0.0,0.0,0,1,0,0,0,0,35.56,45.63,0.0
114,2023-04-24,Normal_Weekday,38,37,58,1,1,6.2,6.29,5.53,4.49,6.0,4.75,0.558,0.596,1.154,1,0,0,0,0,0,33.19,62.72,6.31
115,2023-04-25,Event,42,36,57,1,1,5.34,5.44,4.81,5.16,4.94,4.06,0.579,0.502,1.081,1,0,0,0,1,0,29.29,72.67,5.68
116,2023-04-26,Normal_Weekday,53,32,72,1,1,5.92,5.76,5.56,4.51,5.43,4.93,0.561,0.587,1.148,1,0,0,0,0,0,32.85,52.92,6.33
117,2023-04-27,Event,54,68,90,1,1,4.68,4.94,4.57,3.66,4.58,3.46,0.457,0.443,0.9,1,0,0,0,1,0,26.85,60.29,4.78
118,2023-04-28,Normal_Weekday,13,22,26,1,1,4.29,4.39,3.91,3.4,4.36,3.44,0.411,0.432,0.843,1,0,0,0,0,0,31.39,47.69,5.02
119,2023-04-29,Saturday_Class,17,30,32,1,1,1.98,1.69,1.8,1.58,1.52,1.41,0.19,0.167,0.357,1,0,0,0,0,0,28.89,66.69,2.08
120,2023-04-30,Sunday,0,0,0,0,0,0.0,0.0,0.0,0.0,0.0,0.0,0.0,0.0,0.0,0,1,0,0,0,0,26.61,61.14,0.0
121,2023-05-01,Normal_Weekday,5,16,15,1,1,5.48,6.24,5.26,4.55,5.86,5.15,0.552,0.621,1.173,1,0,0,0,0,0,31.03,62.97,6.29
122,2023-05-02,Normal_Weekday,8,13,18,1,1,5.11,5.28,4.91,4.06,4.74,4.21,0.501,0.505,1.006,1,0,0,0,0,0,30.76,60.93,5.48
123,2023-05-03,Exam,39,41,61,1,1,3.92,3.63,3.64,2.66,3.25,2.91,0.345,0.348,0.693,1,0,1,0,0,0,29.64,57.51,4.44
124,2023-05-04,Normal_Weekday,32,53,77,1,1,4.44,4.84,4.04,3.8,4.66,4.35,0.447,0.513,0.96,1,0,0,0,0,0,32.72,59.51,5.01
125,2023-05-05,Normal_Weekday,20,33,36,1,1,5.56,4.66,5.41,3.78,4.21,3.84,0.5,0.456,0.956,1,0,0,0,0,0,32.45,48.72,5.64
126,2023-05-06,Saturday_Class,18,16,28,1,1,3.3,3.19,3.04,2.58,3.03,2.26,0.315,0.291,0.606,1,0,0,0,0,0,30.02,52.27,3.63
127,2023-05-07,Sunday,0,0,0,0,0,0.0,0.0,0.0,0.0,0.0,0.0,0.0,0.0,0.0,0,1,0,0,0,0,30.81,71.59,0.0
128,2023-05-08,Normal_Weekday,33,35,52,1,1,5.36,4.98,4.94,3.84,4.46,3.5,0.486,0.441,0.927,1,0,0,0,0,0,30.61,46.56,5.6
129,2023-05-09,Normal_Weekday,24,51,61,1,1,3.54,3.87,3.24,3.13,3.59,3.24,0.364,0.387,0.751,1,0,0,0,0,0,32.85,71.47,3.84
130,2023-05-10,Normal_Weekday,30,34,60,1,1,4.99,5.02,4.64,4.27,4.99,3.61,0.506,0.47,0.976,1,0,0,0,0,0,28.35,77.73,4.83
131,2023-05-11,Event,39,45,63,1,1,6.6,6.4,6.27,5.8,6.07,5.86,0.686,0.682,1.368,1,0,0,0,1,0,32.54,68.34,7.21
132,2023-05-12,Exam,37,49,59,1,1,5.71,4.6,5.63,4.72,4.56,4.39,0.579,0.512,1.091,1,0,1,0,0,0,35.17,67.73,5.57
133,2023-05-13,Special_Class,50,49,90,1,1,4.19,4.23,3.71,4.11,3.74,3.96,0.457,0.447,0.904,1,0,0,1,0,0,31.22,70.18,4.51
134,2023-05-14,Sunday,0,0,0,0,0,0.0,0.0,0.0,0.0,0.0,0.0,0.0,0.0,0.0,0,1,0,0,0,0,32.14,68.9,0.0
135,2023-05-15,Vacation,0,0,0,0,0,0.0,0.0,0.0,0.0,0.0,0.0,0.0,0.0,0.0,0,0,0,0,0,1,34.5,47.09,0.0
136,2023-05-16,Vacation,0,0,0,0,0,0.0,0.0,0.0,0.0,0.0,0.0,0.0,0.0,0.0,0,0,0,0,0,1,33.49,56.18,0.0
137,2023-05-17,Vacation,0,0,0,0,0,0.0,0.0,0.0,0.0,0.0,0.0,0.0,0.0,0.0,0,0,0,0,0,1,31.85,59.27,0.0
138,2023-05-18,Vacation,0,0,0,0,0,0.0,0.0,0.0,0.0,0.0,0.0,0.0,0.0,0.0,0,0,0,0,0,1,31.72,73.24,0.0
139,2023-05-19,Vacation,0,0,0,0,0,0.0,0.0,0.0,0.0,0.0,0.0,0.0,0.0,0.0,0,0,0,0,0,1,28.08,40.78,0.0
140,2023-05-20,Vacation,0,0,0,0,0,0.0,0.0,0.0,0.0,0.0,0.0,0.0,0.0,0.0,0,0,0,0,0,1,26.67,68.69,0.0
141,2023-05-21,Sunday,0,0,0,0,0,0.0,0.0,0.0,0.0,0.0,0.0,0.0,0.0,0.0,0,1,0,0,0,0,29.57,59.32,0.0
142,2023-05-22,Vacation,0,0,0,0,0,0.0,0.0,0.0,0.0,0.0,0.0,0.0,0.0,0.0,0,0,0,0,0,1,31.21,49.14,0.0
143,2023-05-23,Vacation,0,0,0,0,0,0.0,0.0,0.0,0.0,0.0,0.0,0.0,0.0,0.0,0,0,0,0,0,1,33.63,56.73,0.0
144,2023-05-24,Vacation,0,0,0,0,0,0.0,0.0,0.0,0.0,0.0,0.0,0.0,0.0,0.0,0,0,0,0,0,1,30.91,60.33,0.0
145,2023-05-25,Vacation,0,0,0,0,0,0.0,0.0,0.0,0.0,0.0,0.0,0.0,0.0,0.0,0,0,0,0,0,1,33.3,48.41,0.0
146,2023-05-26,Vacation,0,0,0,0,0,0.0,0.0,0.0,0.0,0.0,0.0,0.0,0.0,0.0,0,0,0,0,0,1,33.68,72.5,0.0
147,2023-05-27,Vacation,0,0,0,0,0,0.0,0.0,0.0,0.0,0.0,0.0,0.0,0.0,0.0,0,0,0,0,0,1,27.93,60.78,0.0
148,2023-05-28,Sunday,0,0,0,0,0,0.0,0.0,0.0,0.0,0.0,0.0,0.0,0.0,0.0,0,1,0,0,0,0,30.74,64.99,0.0
149,2023-05-29,Vacation,0,0,0,0,0,0.0,0.0,0.0,0.0,0.0,0.0,0.0,0.0,0.0,0,0,0,0,0,1,28.46,74.29,0.0
150,2023-05-30,Vacation,0,0,0,0,0,0.0,0.0,0.0,0.0,0.0,0.0,0.0,0.0,0.0,0,0,0,0,0,1,27.48,55.56,0.0
151,2023-05-31,Vacation,0,0,0,0,0,0.0,0.0,0.0,0.0,0.0,0.0,0.0,0.0,0.0,0,0,0,0,0,1,32.59,51.14,0.0
152,2023-06-01,Vacation,0,0,0,0,0,0.0,0.0,0.0,0.0,0.0,0.0,0.0,0.0,0.0,0,0,0,0,0,1,26.81,77.78,0.0
153,2023-06-02,Vacation,0,0,0,0,0,0.0,0.0,0.0,0.0,0.0,0.0,0.0,0.0,0.0,0,0,0,0,0,1,28.66,76.05,0.0
154,2023-06-03,Vacation,0,0,0,0,0,0.0,0.0,0.0,0.0,0.0,0.0,0.0,0.0,0.0,0,0,0,0,0,1,30.22,72.84,0.0
155,2023-06-04,Sunday,0,0,0,0,0,0.0,0.0,0.0,0.0,0.0,0.0,0.0,0.0,0.0,0,1,0,0,0,0,29.14,71.95,0.0
156,2023-06-05,Vacation,0,0,0,0,0,0.0,0.0,0.0,0.0,0.0,0.0,0.0,0.0,0.0,0,0,0,0,0,1,26.8,73.72,0.0
157,2023-06-06,Vacation,0,0,0,0,0,0.0,0.0,0.0,0.0,0.0,0.0,0.0,0.0,0.0,0,0,0,0,0,1,27.5,72.41,0.0
158,2023-06-07,Vacation,0,0,0,0,0,0.0,0.0,0.0,0.0,0.0,0.0,0.0,0.0,0.0,0,0,0,0,0,1,30.83,73.97,0.0
159,2023-06-08,Vacation,0,0,0,0,0,0.0,0.0,0.0,0.0,0.0,0.0,0.0,0.0,0.0,0,0,0,0,0,1,27.17,76.22,0.0
160,2023-06-09,Vacation,0,0,0,0,0,0.0,0.0,0.0,0.0,0.0,0.0,0.0,0.0,0.0,0,0,0,0,0,1,28.71,66.5,0.0
161,2023-06-10,Vacation,0,0,0,0,0,0.0,0.0,0.0,0.0,0.0,0.0,0.0,0.0,0.0,0,0,0,0,0,1,27.9,73.29,0.0
162,2023-06-11,Sunday,0,0,0,0,0,0.0,0.0,0.0,0.0,0.0,0.0,0.0,0.0,0.0,0,1,0,0,0,0,28.16,81.8,0.0
163,2023-06-12,Vacation,0,0,0,0,0,0.0,0.0,0.0,0.0,0.0,0.0,0.0,0.0,0.0,0,0,0,0,0,1,28.77,85.82,0.0
164,2023-06-13,Vacation,0,0,0,0,0,0.0,0.0,0.0,0.0,0.0,0.0,0.0,0.0,0.0,0,0,0,0,0,1,28.48,90.21,0.0
165,2023-06-14,Vacation,0,0,0,0,0,0.0,0.0,0.0,0.0,0.0,0.0,0.0,0.0,0.0,0,0,0,0,0,1,27.58,69.84,0.0
166,2023-06-15,Vacation,0,0,0,0,0,0.0,0.0,0.0,0.0,0.0,0.0,0.0,0.0,0.0,0,0,0,0,0,1,29.59,86.91,0.0
167,2023-06-16,Normal_Weekday,41,34,55,1,1,4.19,3.97,3.75,2.89,3.77,3.12,0.367,0.385,0.752,1,0,0,0,0,0,25.74,74.42,4.1
168,2023-06-17,Saturday_Class,24,10,30,1,1,3.57,3.56,3.49,3.01,3.14,2.74,0.365,0.331,0.696,1,0,0,0,0,0,27.28,77.14,3.51
169,2023-06-18,Sunday,0,0,0,0,0,0.0,0.0,0.0,0.0,0.0,0.0,0.0,0.0,0.0,0,1,0,0,0,0,28.52,86.76,0.0
170,2023-06-19,Exam,44,41,65,1,1,4.56,3.94,4.32,4.08,3.9,3.25,0.479,0.4,0.879,1,0,1,0,0,0,28.28,87.0,4.69
171,2023-06-20,Normal_Weekday,23,40,59,1,1,6.98,5.99,6.15,5.91,5.34,4.7,0.689,0.566,1.255,1,0,0,0,0,0,27.87,83.41,7.09
172,2023-06-21,Normal_Weekday,29,40,60,1,1,3.9,3.75,3.53,3.36,3.32,3.28,0.393,0.379,0.772,1,0,0,0,0,0,28.96,89.84,4.46
173,2023-06-22,Normal_Weekday,27,30,52,1,1,5.31,6.12,5.11,4.22,5.61,3.84,0.521,0.512,1.033,1,0,0,0,0,0,25.55,66.69,6.24
174,2023-06-23,Normal_Weekday,47,28,56,1,1,4.95,4.61,4.85,4.93,4.06,3.6,0.564,0.432,0.996,1,0,0,0,0,0,32.16,70.13,5.61
175,2023-06-24,Saturday_Class,17,22,25,1,1,4.18,4.12,3.97,2.8,3.81,3.46,0.369,0.412,0.781,1,0,0,0,0,0,27.16,68.99,4.9
176,2023-06-25,Sunday,0,0,0,0,0,0.0,0.0,0.0,0.0,0.0,0.0,0.0,0.0,0.0,0,1,0,0,0,0,30.8,65.97,0.0
177,2023-06-26,Holiday,0,0,0,0,0,0.0,0.0,0.0,0.0,0.0,0.0,0.0,0.0,0.0,0,1,0,0,0,0,28.54,73.88,0.0
178,2023-06-27,Normal_Weekday,35,26,57,1,1,4.81,4.31,4.67,4.06,4.12,3.63,0.491,0.437,0.928,1,0,0,0,0,0,30.57,71.49,5.22
179,2023-06-28,Normal_Weekday,54,39,73,1,1,5.3,5.51,5.29,4.69,5.43,3.76,0.563,0.499,1.062,1,0,0,0,0,0,29.33,66.63,5.92
180,2023-06-29,Normal_Weekday,19,14,28,1,1,3.52,3.66,3.3,3.12,3.42,3.17,0.366,0.375,0.741,1,0,0,0,0,0,33.05,74.08,4.08
181,2023-06-30,Normal_Weekday,41,35,67,1,1,5.47,5.21,4.84,5.12,4.68,4.58,0.578,0.531,1.109,1,0,0,0,0,0,28.52,89.24,6.1
182,2023-07-01,Special_Class,37,21,39,1,1,4.43,4.17,3.99,3.42,3.87,2.97,0.416,0.378,0.794,1,0,0,1,0,0,27.33,89.34,4.61
183,2023-07-02,Sunday,0,0,0,0,0,0.0,0.0,0.0,0.0,0.0,0.0,0.0,0.0,0.0,0,1,0,0,0,0,27.68,81.37,0.0
184,2023-07-03,Event,15,70,78,1,1,6.11,6.11,5.87,4.56,5.44,5.24,0.577,0.611,1.188,1,0,0,0,1,0,27.35,65.15,6.53
185,2023-07-04,Normal_Weekday,22,24,32,1,1,5.82,6.09,5.34,4.84,5.99,5.58,0.577,0.658,1.235,1,0,0,0,0,0,29.33,81.12,6.59
186,2023-07-05,Normal_Weekday,39,42,55,1,1,6.11,6.67,6.01,5.25,6.07,5.22,0.634,0.634,1.268,1,0,0,0,0,0,25.87,73.54,6.56
187,2023-07-06,Normal_Weekday,34,22,38,1,1,5.28,5.75,5.17,4.0,5.29,4.77,0.507,0.569,1.076,1,0,0,0,0,0,30.9,80.8,6.05
188,2023-07-07,Normal_Weekday,38,37,51,1,1,6.74,6.83,6.62,5.51,6.23,5.18,0.678,0.638,1.316,1,0,0,0,0,0,27.71,71.22,7.72
189,2023-07-08,Saturday_Class,6,4,9,1,1,3.43,3.45,3.02,2.91,3.28,3.02,0.339,0.358,0.697,1,0,0,0,0,0,32.4,64.42,3.85
190,2023-07-09,Sunday,0,0,0,0,0,0.0,0.0,0.0,0.0,0.0,0.0,0.0,0.0,0.0,0,1,0,0,0,0,28.38,64.28,0.0
191,2023-07-10,Exam,37,54,61,1,1,4.48,3.71,3.98,3.6,3.39,3.0,0.429,0.361,0.79,1,0,1,0,0,0,31.13,75.94,4.36
192,2023-07-11,Normal_Weekday,35,44,61,1,1,2.56,2.99,2.42,2.14,2.86,2.61,0.257,0.31,0.567,1,0,0,0,0,0,28.86,95.0,3.0
193,2023-07-12,Normal_Weekday,28,27,43,1,1,4.98,5.29,4.77,4.15,4.66,4.37,0.502,0.514,1.016,1,0,0,0,0,0,27.31,89.99,5.76
194,2023-07-13,Event,53,28,71,1,1,8.33,7.28,8.27,7.18,6.63,4.99,0.869,0.639,1.508,1,0,0,0,1,0,27.72,74.13,8.43
195,2023-07-14,Normal_Weekday,37,28,50,1,1,5.5,6.33,5.15,4.57,5.7,5.86,0.549,0.668,1.217,1,0,0,0,0,0,33.78,74.71,6.46
196,2023-07-15,Saturday_Class,26,12,27,1,1,4.56,4.54,4.52,3.85,4.39,3.36,0.47,0.428,0.898,1,0,0,0,0,0,25.75,78.26,4.5
197,2023-07-16,Sunday,0,0,0,0,0,0.0,0.0,0.0,0.0,0.0,0.0,0.0,0.0,0.0,0,1,0,0,0,0,28.15,78.94,0.0
198,2023-07-17,Normal_Weekday,32,38,66,1,1,5.33,4.98,4.91,4.36,4.68,4.21,0.523,0.503,1.026,1,0,0,0,0,0,28.23,93.72,5.63
199,2023-07-18,Exam,46,31,72,1,1,4.26,4.87,3.94,2.91,4.43,3.19,0.376,0.416,0.792,1,0,1,0,0,0,29.61,67.4,4.81
200,2023-07-19,Normal_Weekday,59,32,78,1,1,7.11,6.35,6.95,5.22,5.8,5.42,0.67,0.638,1.308,1,0,0,0,0,0,28.75,69.6,6.93
201,2023-07-20,Normal_Weekday,57,19,63,1,1,5.37,5.45,4.92,4.31,5.17,3.99,0.52,0.506,1.026,1,0,0,0,0,0,28.0,68.72,5.32
202,2023-07-21,Exam,43,50,78,1,1,3.96,3.63,3.69,3.53,3.35,3.49,0.412,0.396,0.808,1,0,1,0,0,0,32.71,70.47,4.44
203,2023-07-22,Saturday_Class,12,11,18,1,1,3.14,3.42,3.03,2.34,3.31,2.38,0.297,0.311,0.608,1,0,0,0,0,0,29.88,73.41,3.28
204,2023-07-23,Sunday,0,0,0,0,0,0.0,0.0,0.0,0.0,0.0,0.0,0.0,0.0,0.0,0,1,0,0,0,0,26.18,77.58,0.0
205,2023-07-24,Normal_Weekday,44,8,35,1,1,5.56,6.2,5.1,5.29,5.8,4.5,0.601,0.57,1.171,1,0,0,0,0,0,29.3,80.47,6.44
206,2023-07-25,Normal_Weekday,36,48,62,1,1,5.36,4.82,5.08,3.98,4.72,3.1,0.502,0.421,0.923,1,0,0,0,0,0,23.26,66.12,5.31
207,2023-07-26,Normal_Weekday,38,38,53,1,1,5.08,4.55,4.66,4.27,4.47,3.17,0.507,0.417,0.924,1,0,0,0,0,0,30.42,68.61,4.84
208,2023-07-27,Normal_Weekday,16,48,60,1,1,4.07,3.95,3.68,3.58,3.84,3.12,0.416,0.388,0.804,1,0,0,0,0,0,28.91,65.94,4.42
209,2023-07-28,Normal_Weekday,31,24,49,1,1,4.16,4.29,3.89,3.33,3.79,3.5,0.405,0.414,0.819,1,0,0,0,0,0,29.96,83.45,4.81
210,2023-07-29,Saturday_Class,4,26,28,1,1,4.82,4.8,4.68,3.93,4.44,4.45,0.482,0.511,0.993,1,0,0,0,0,0,29.96,84.26,4.91
211,2023-07-30,Sunday,0,0,0,0,0,0.0,0.0,0.0,0.0,0.0,0.0,0.0,0.0,0.0,0,1,0,0,0,0,31.63,66.61,0.0
212,2023-07-31,Normal_Weekday,35,31,52,1,1,4.44,4.46,4.31,3.62,4.11,3.47,0.444,0.425,0.869,1,0,0,0,0,0,26.92,83.18,5.22
213,2023-08-01,Event,20,32,35,1,1,4.89,5.76,4.75,3.62,5.34,5.06,0.462,0.593,1.055,1,0,0,0,1,0,30.76,70.61,5.75
214,2023-08-02,Normal_Weekday,35,31,63,1,1,7.64,7.13,7.28,5.38,6.69,5.72,0.695,0.697,1.392,1,0,0,0,0,0,27.01,70.78,7.61
215,2023-08-03,Normal_Weekday,32,28,53,1,1,6.9,6.9,6.79,4.46,6.85,4.92,0.606,0.643,1.249,1,0,0,0,0,0,25.29,65.83,6.9
216,2023-08-04,Normal_Weekday,28,10,26,1,1,5.64,4.94,5.5,4.21,4.43,3.27,0.536,0.422,0.958,1,0,0,0,0,0,26.01,73.65,5.91
217,2023-08-05,Special_Class,39,38,55,1,1,5.57,4.7,5.44,4.32,4.67,3.85,0.542,0.476,1.018,1,0,0,1,0,0,29.04,79.47,5.57
218,2023-08-06,Sunday,0,0,0,0,0,0.0,0.0,0.0,0.0,0.0,0.0,0.0,0.0,0.0,0,1,0,0,0,0,27.48,72.13,0.0
219,2023-08-07,Normal_Weekday,44,44,67,1,1,6.25,7.18,5.85,4.83,6.84,6.83,0.596,0.786,1.382,1,0,0,0,0,0,28.75,64.03,7.03
220,2023-08-08,Normal_Weekday,35,19,44,1,1,5.87,5.56,5.77,5.43,5.33,4.99,0.638,0.587,1.225,1,0,0,0,0,0,30.42,86.28,5.86
221,2023-08-09,Exam,46,57,90,1,1,5.08,5.29,5.06,3.98,5.11,4.52,0.501,0.543,1.044,1,0,1,0,0,0,27.25,72.81,5.17
222,2023-08-10,Normal_Weekday,56,47,90,1,1,6.49,6.76,6.29,5.33,6.58,5.86,0.651,0.703,1.354,1,0,0,0,0,0,30.99,75.02,7.36
223,2023-08-11,Normal_Weekday,19,25,29,1,1,6.57,5.74,6.04,5.24,5.33,4.57,0.635,0.556,1.191,1,0,0,0,0,0,29.68,75.26,6.61
224,2023-08-12,Saturday_Class,25,26,44,1,1,2.69,2.56,2.53,2.44,2.36,2.16,0.284,0.256,0.54,1,0,0,0,0,0,31.61,79.92,3.0
225,2023-08-13,Sunday,0,0,0,0,0,0.0,0.0,0.0,0.0,0.0,0.0,0.0,0.0,0.0,0,1,0,0,0,0,29.6,80.53,0.0
226,2023-08-14,Normal_Weekday,26,24,33,1,1,4.2,4.61,3.97,3.23,4.13,3.35,0.401,0.416,0.817,1,0,0,0,0,0,27.39,72.29,4.49
227,2023-08-15,Normal_Weekday,44,8,40,1,1,3.57,4.02,3.2,3.35,3.86,3.26,0.379,0.399,0.778,1,0,0,0,0,0,30.04,77.01,4.13
228,2023-08-16,Exam,55,38,70,1,1,4.66,5.05,4.46,4.06,5.03,4.54,0.483,0.542,1.025,1,0,1,0,0,0,26.14,90.98,5.02
229,2023-08-17,Normal_Weekday,50,28,60,1,1,5.98,6.43,5.39,4.62,5.87,5.36,0.562,0.637,1.199,1,0,0,0,0,0,30.46,76.3,6.61
230,2023-08-18,Normal_Weekday,43,31,69,1,1,5.5,6.31,4.89,3.93,5.73,5.21,0.49,0.62,1.11,1,0,0,0,0,0,27.95,77.59,6.1
231,2023-08-19,Saturday_Class,4,15,15,1,1,2.14,2.0,1.88,1.51,1.79,1.57,0.188,0.189,0.377,1,0,0,0,0,0,29.54,59.74,2.36
232,2023-08-20,Sunday,0,0,0,0,0,0.0,0.0,0.0,0.0,0.0,0.0,0.0,0.0,0.0,0,1,0,0,0,0,32.72,69.68,0.0
233,2023-08-21,Normal_Weekday,31,32,47,1,1,6.53,5.65,6.31,5.26,5.62,5.16,0.647,0.612,1.259,1,0,0,0,0,0,28.5,76.28,6.61
234,2023-08-22,Normal_Weekday,16,35,34,1,1,3.9,3.99,3.44,3.77,3.91,3.24,0.42,0.399,0.819,1,0,0,0,0,0,32.49,75.3,3.97
235,2023-08-23,Normal_Weekday,18,33,38,1,1,6.15,6.06,6.12,5.49,6.02,5.26,0.657,0.635,1.292,1,0,0,0,0,0,31.68,79.25,6.12
236,2023-08-24,Normal_Weekday,31,38,59,1,1,4.26,3.68,3.99,3.43,3.46,3.04,0.417,0.366,0.783,1,0,0,0,0,0,26.58,77.08,4.55
237,2023-08-25,Normal_Weekday,26,22,32,1,1,6.25,5.61,5.94,5.66,4.98,4.0,0.662,0.499,1.161,1,0,0,0,0,0,28.26,67.33,6.93
238,2023-08-26,Saturday_Class,15,9,17,1,1,3.11,2.62,2.86,2.61,2.57,1.77,0.31,0.236,0.546,1,0,0,0,0,0,29.22,76.18,3.23
239,2023-08-27,Sunday,0,0,0,0,0,0.0,0.0,0.0,0.0,0.0,0.0,0.0,0.0,0.0,0,1,0,0,0,0,29.61,77.55,0.0
240,2023-08-28,Normal_Weekday,14,25,30,1,1,5.89,5.28,5.6,4.49,5.22,4.62,0.561,0.555,1.116,1,0,0,0,0,0,27.2,82.15,5.99
241,2023-08-29,Normal_Weekday,55,28,55,1,1,6.47,6.21,6.38,4.73,5.82,4.14,0.61,0.543,1.153,1,0,0,0,0,0,27.25,51.2,6.17
242,2023-08-30,Exam,51,53,70,1,1,4.86,4.11,4.54,4.25,3.63,3.12,0.5,0.379,0.879,1,0,1,0,0,0,28.76,71.57,4.77
243,2023-08-31,Normal_Weekday,30,25,49,1,1,4.16,5.03,4.01,3.48,4.85,4.48,0.421,0.53,0.951,1,0,0,0,0,0,29.26,91.99,4.79
244,2023-09-01,Normal_Weekday,23,34,41,1,1,5.15,5.55,5.1,4.44,5.02,4.36,0.537,0.528,1.065,1,0,0,0,0,0,32.56,74.68,5.63
245,2023-09-02,Saturday_Class,17,3,17,1,1,3.98,3.27,3.8,2.83,3.18,2.35,0.364,0.303,0.667,1,0,0,0,0,0,26.85,80.68,3.79
246,2023-09-03,Sunday,0,0,0,0,0,0.0,0.0,0.0,0.0,0.0,0.0,0.0,0.0,0.0,0,1,0,0,0,0,27.76,79.13,0.0
247,2023-09-04,Event,37,10,41,1,1,5.47,5.76,4.92,4.26,5.38,4.38,0.516,0.544,1.06,1,0,0,0,1,0,27.18,78.01,6.38
248,2023-09-05,Exam,51,43,76,1,1,5.75,5.24,5.5,4.87,4.8,3.93,0.585,0.487,1.072,1,0,1,0,0,0,26.88,85.47,5.97
249,2023-09-06,Normal_Weekday,20,28,38,1,1,4.81,4.21,4.4,3.68,4.04,3.36,0.452,0.414,0.866,1,0,0,0,0,0,27.32,81.29,4.9
250,2023-09-07,Holiday,0,0,0,0,0,0.0,0.0,0.0,0.0,0.0,0.0,0.0,0.0,0.0,0,1,0,0,0,0,25.97,82.25,0.0
251,2023-09-08,Exam,25,42,49,1,1,5.2,6.12,4.79,3.76,5.4,4.27,0.474,0.536,1.01,1,0,1,0,0,0,26.57,78.09,6.07
252,2023-09-09,Saturday_Class,18,15,25,1,1,3.9,3.77,3.87,3.09,3.7,3.2,0.387,0.388,0.775,1,0,0,0,0,0,30.55,74.4,4.0
253,2023-09-10,Sunday,0,0,0,0,0,0.0,0.0,0.0,0.0,0.0,0.0,0.0,0.0,0.0,0,1,0,0,0,0,26.44,79.97,0.0
254,2023-09-11,Normal_Weekday,24,16,27,1,1,6.26,6.11,6.13,4.46,5.75,4.6,0.58,0.575,1.155,1,0,0,0,0,0,26.82,72.77,6.47
255,2023-09-12,Normal_Weekday,34,38,61,1,1,6.11,5.77,5.79,5.99,5.68,5.51,0.681,0.64,1.321,1,0,0,0,0,0,29.03,86.89,5.83
256,2023-09-13,Normal_Weekday,31,44,51,1,1,6.74,6.23,6.01,5.14,6.12,5.39,0.626,0.649,1.275,1,0,0,0,0,0,28.55,76.18,7.27
257,2023-09-14,Normal_Weekday,60,39,86,1,1,4.85,5.17,4.35,4.09,4.65,3.91,0.481,0.479,0.96,1,0,0,0,0,0,29.98,76.4,5.01
258,2023-09-15,Normal_Weekday,19,25,32,1,1,5.06,4.51,4.67,4.34,4.27,3.61,0.512,0.442,0.954,1,0,0,0,0,0,29.77,84.63,5.29
259,2023-09-16,Saturday_Class,32,5,30,1,1,4.14,4.13,3.83,3.11,3.74,3.17,0.386,0.387,0.773,1,0,0,0,0,0,27.84,49.8,3.95
260,2023-09-17,Sunday,0,0,0,0,0,0.0,0.0,0.0,0.0,0.0,0.0,0.0,0.0,0.0,0,1,0,0,0,0,26.86,85.67,0.0
261,2023-09-18,Holiday,0,0,0,0,0,0.0,0.0,0.0,0.0,0.0,0.0,0.0,0.0,0.0,0,1,0,0,0,0,28.43,73.29,0.0
262,2023-09-19,Normal_Weekday,15,34,33,1,1,6.57,6.28,6.12,5.06,6.1,4.62,0.624,0.59,1.214,1,0,0,0,0,0,30.83,75.19,6.62
263,2023-09-20,Normal_Weekday,26,21,33,1,1,5.21,5.53,5.09,3.73,5.16,3.77,0.483,0.489,0.972,1,0,0,0,0,0,24.31,63.96,6.05
264,2023-09-21,Normal_Weekday,24,18,29,1,1,6.19,6.93,5.6,5.47,6.36,5.54,0.634,0.67,1.304,1,0,0,0,0,0,29.34,75.46,6.69
265,2023-09-22,Normal_Weekday,5,35,38,1,1,5.89,6.17,5.57,5.57,5.47,6.14,0.641,0.679,1.32,1,0,0,0,0,0,31.41,70.13,6.67
266,2023-09-23,Saturday_Class,17,8,24,1,1,4.3,3.81,4.23,3.34,3.4,2.73,0.42,0.341,0.761,1,0,0,0,0,0,27.88,68.92,4.39
267,2023-09-24,Sunday,0,0,0,0,0,0.0,0.0,0.0,0.0,0.0,0.0,0.0,0.0,0.0,0,1,0,0,0,0,27.46,60.86,0.0
268,2023-09-25,Normal_Weekday,34,31,47,1,1,5.8,6.31,5.24,4.09,6.19,4.59,0.516,0.592,1.108,1,0,0,0,0,0,27.73,75.59,6.58
269,2023-09-26,Normal_Weekday,38,17,51,1,1,4.26,3.92,4.1,3.78,3.65,2.93,0.448,0.366,0.814,1,0,0,0,0,0,28.23,93.2,4.29
270,2023-09-27,Normal_Weekday,56,45,74,1,1,5.78,5.93,5.44,5.24,5.78,5.42,0.611,0.638,1.249,1,0,0,0,0,0,32.17,69.99,5.87
271,2023-09-28,Normal_Weekday,24,34,43,1,1,5.96,6.08,5.38,3.74,5.41,3.95,0.496,0.513,1.009,1,0,0,0,0,0,24.41,75.21,6.02
272,2023-09-29,Exam,48,15,46,1,1,6.13,6.31,5.7,5.3,5.56,4.59,0.626,0.567,1.193,1,0,1,0,0,0,29.25,69.12,6.06
273,2023-09-30,Special_Class,41,21,46,1,1,3.27,2.95,3.03,2.86,2.92,2.21,0.336,0.283,0.619,1,0,0,1,0,0,26.88,88.66,3.52
274,2023-10-01,Sunday,0,0,0,0,0,0.0,0.0,0.0,0.0,0.0,0.0,0.0,0.0,0.0,0,1,0,0,0,0,26.48,73.3,0.0
275,2023-10-02,Normal_Weekday,18,30,38,1,1,7.72,6.95,7.3,6.56,6.31,5.3,0.784,0.65,1.434,1,0,0,0,0,0,25.14,67.54,8.0
276,2023-10-03,Holiday,0,0,0,0,0,0.0,0.0,0.0,0.0,0.0,0.0,0.0,0.0,0.0,0,1,0,0,0,0,26.33,62.6,0.0
277,2023-10-04,Event,36,42,59,1,1,5.99,5.49,5.28,3.88,5.15,3.86,0.502,0.496,0.998,1,0,0,0,1,0,29.31,56.89,6.18
278,2023-10-05,Normal_Weekday,24,36,51,1,1,5.39,5.06,4.93,3.89,4.55,3.46,0.489,0.442,0.931,1,0,0,0,0,0,27.6,65.16,6.27
279,2023-10-06,Normal_Weekday,38,43,64,1,1,4.56,4.79,4.31,3.06,4.31,3.93,0.402,0.467,0.869,1,0,0,0,0,0,27.83,65.27,4.69
280,2023-10-07,Saturday_Class,4,7,10,1,1,3.47,3.26,3.1,2.47,3.1,2.33,0.309,0.299,0.608,1,0,0,0,0,0,28.73,60.48,3.38
281,2023-10-08,Sunday,0,0,0,0,0,0.0,0.0,0.0,0.0,0.0,0.0,0.0,0.0,0.0,0,1,0,0,0,0,29.32,67.77,0.0
282,2023-10-09,Exam,49,33,76,1,1,5.49,4.54,5.17,4.39,4.31,3.2,0.536,0.412,0.948,1,0,1,0,0,0,24.34,73.44,5.34
283,2023-10-10,Normal_Weekday,37,45,74,1,1,5.15,4.5,5.01,3.56,4.19,3.73,0.467,0.447,0.914,1,0,0,0,0,0,26.6,54.34,5.16
284,2023-10-11,Normal_Weekday,36,23,42,1,1,5.46,5.86,4.93,4.25,5.37,4.35,0.516,0.541,1.057,1,0,0,0,0,0,27.66,76.05,5.79
285,2023-10-12,Normal_Weekday,28,24,47,1,1,4.81,4.93,4.37,3.38,4.44,3.33,0.428,0.427,0.855,1,0,0,0,0,0,29.56,64.97,5.57
286,2023-10-13,Normal_Weekday,35,50,64,1,1,6.06,4.8,5.61,4.12,4.78,3.77,0.533,0.474,1.007,1,0,0,0,0,0,27.29,68.4,5.84
287,2023-10-14,Saturday_Class,17,23,36,1,1,3.47,3.06,3.19,2.65,2.75,2.31,0.326,0.283,0.609,1,0,0,0,0,0,29.98,61.52,3.75
288,2023-10-15,Sunday,0,0,0,0,0,0.0,0.0,0.0,0.0,0.0,0.0,0.0,0.0,0.0,0,1,0,0,0,0,26.07,61.32,0.0
289,2023-10-16,Normal_Weekday,7,16,18,1,1,4.57,4.2,4.16,2.94,4.03,2.59,0.387,0.355,0.742,1,0,0,0,0,0,24.1,69.98,4.84
290,2023-10-17,Normal_Weekday,44,18,50,1,1,4.17,4.04,3.68,3.57,3.95,3.61,0.415,0.429,0.844,1,0,0,0,0,0,30.2,66.41,4.8
291,2023-10-18,Normal_Weekday,35,25,46,1,1,3.83,3.35,3.79,2.75,3.13,2.7,0.358,0.328,0.686,1,0,0,0,0,0,25.24,69.49,3.8
292,2023-10-19,Holiday,0,0,0,0,0,0.0,0.0,0.0,0.0,0.0,0.0,0.0,0.0,0.0,0,1,0,0,0,0,28.18,66.75,0.0
293,2023-10-20,Exam,55,41,80,1,1,4.21,3.97,3.81,3.89,3.96,3.43,0.444,0.416,0.86,1,0,1,0,0,0,29.81,61.5,4.63
294,2023-10-21,Saturday_Class,6,25,21,1,1,2.94,3.09,2.62,1.89,2.95,2.66,0.247,0.318,0.565,1,0,0,0,0,0,26.43,70.37,3.19
295,2023-10-22,Sunday,0,0,0,0,0,0.0,0.0,0.0,0.0,0.0,0.0,0.0,0.0,0.0,0,1,0,0,0,0,27.79,68.38,0.0
296,2023-10-23,Holiday,0,0,0,0,0,0.0,0.0,0.0,0.0,0.0,0.0,0.0,0.0,0.0,0,1,0,0,0,0,24.44,86.7,0.0
297,2023-10-24,Normal_Weekday,38,41,64,1,1,4.24,4.19,4.05,2.54,3.74,3.07,0.352,0.38,0.732,1,0,0,0,0,0,26.53,68.88,4.92
298,2023-10-25,Normal_Weekday,34,30,45,1,1,4.7,5.2,4.16,3.37,4.98,4.02,0.419,0.501,0.92,1,0,0,0,0,0,28.23,62.91,5.12
299,2023-10-26,Normal_Weekday,18,19,32,1,1,5.14,4.79,4.79,3.97,4.51,3.65,0.489,0.454,0.943,1,0,0,0,0,0,27.11,62.58,5.83
300,2023-10-27,Normal_Weekday,32,22,47,1,1,3.45,3.59,3.42,2.42,3.2,2.62,0.318,0.324,0.642,1,0,0,0,0,0,27.83,65.79,3.58
301,2023-10-28,Special_Class,33,41,66,1,1,3.82,4.11,3.44,2.72,3.65,3.21,0.342,0.387,0.729,1,0,0,1,0,0,27.54,59.63,4.35
302,2023-10-29,Sunday,0,0,0,0,0,0.0,0.0,0.0,0.0,0.0,0.0,0.0,0.0,0.0,0,1,0,0,0,0,25.34,57.08,0.0
303,2023-10-30,Normal_Weekday,28,17,40,1,1,4.23,3.76,3.82,3.03,3.55,2.41,0.38,0.323,0.703,1,0,0,0,0,0,25.58,47.41,4.33
304,2023-10-31,Normal_Weekday,26,21,41,1,1,5.23,4.53,4.99,4.37,4.03,3.45,0.527,0.42,0.947,1,0,0,0,0,0,26.39,63.73,5.52
305,2023-11-01,Normal_Weekday,42,42,72,1,1,3.67,2.94,3.27,3.31,2.61,2.45,0.379,0.288,0.667,1,0,0,0,0,0,27.3,68.36,3.61
306,2023-11-02,Normal_Weekday,12,31,32,1,1,4.77,4.67,4.68,3.85,4.47,4.01,0.476,0.48,0.956,1,0,0,0,0,0,29.51,88.75,5.11
307,2023-11-03,Normal_Weekday,10,44,43,1,1,5.94,6.01,5.65,4.05,5.54,4.73,0.53,0.576,1.106,1,0,0,0,0,0,29.28,64.38,6.04
308,2023-11-04,Special_Class,40,63,86,1,1,6.28,5.39,5.61,4.22,5.05,4.7,0.541,0.554,1.095,1,0,0,1,0,0,26.01,74.95,6.14
309,2023-11-05,Sunday,0,0,0,0,0,0.0,0.0,0.0,0.0,0.0,0.0,0.0,0.0,0.0,0,1,0,0,0,0,23.63,65.48,0.0
310,2023-11-06,Normal_Weekday,33,35,58,1,1,7.05,6.87,7.0,5.78,6.58,5.4,0.714,0.668,1.382,1,0,0,0,0,0,26.52,72.67,6.72
311,2023-11-07,Normal_Weekday,34,32,46,1,1,5.21,4.78,4.9,4.31,4.68,3.41,0.519,0.443,0.962,1,0,0,0,0,0,28.23,62.04,5.64
312,2023-11-08,Normal_Weekday,54,42,75,1,1,6.83,6.63,6.45,5.12,6.33,5.75,0.642,0.684,1.326,1,0,0,0,0,0,26.17,71.56,7.2
313,2023-11-09,Normal_Weekday,34,29,58,1,1,5.52,4.83,5.4,3.87,4.29,3.18,0.506,0.41,0.916,1,0,0,0,0,0,25.4,77.65,5.43
314,2023-11-10,Normal_Weekday,20,26,43,1,1,4.79,4.77,4.41,4.06,4.23,3.35,0.481,0.42,0.901,1,0,0,0,0,0,28.22,69.37,5.23
315,2023-11-11,Saturday_Class,42,20,48,1,1,4.35,3.61,4.11,2.84,3.59,2.74,0.377,0.349,0.726,1,0,0,0,0,0,27.78,64.26,4.34
316,2023-11-12,Sunday,0,0,0,0,0,0.0,0.0,0.0,0.0,0.0,0.0,0.0,0.0,0.0,0,1,0,0,0,0,25.75,64.6,0.0
317,2023-11-13,Exam,43,35,69,1,1,5.03,4.81,4.67,4.08,4.53,3.51,0.493,0.444,0.937,1,0,1,0,0,0,28.0,69.61,5.21
318,2023-11-14,Normal_Weekday,42,5,44,1,1,4.16,3.64,3.86,3.04,3.42,2.49,0.382,0.324,0.706,1,0,0,0,0,0,26.15,74.0,4.24
319,2023-11-15,Normal_Weekday,16,13,25,1,1,3.34,2.84,3.1,2.14,2.56,1.8,0.284,0.237,0.521,1,0,0,0,0,0,26.65,62.45,3.4
320,2023-11-16,Event,22,37,46,1,1,6.78,5.96,6.6,5.17,5.39,4.57,0.652,0.558,1.21,1,0,0,0,1,0,27.51,59.9,7.04
321,2023-11-17,Normal_Weekday,29,25,43,1,1,4.07,4.62,3.7,2.81,4.61,3.42,0.359,0.441,0.8,1,0,0,0,0,0,23.63,67.96,4.59
322,2023-11-18,Saturday_Class,27,14,31,1,1,2.66,3.02,2.64,1.98,2.82,1.85,0.254,0.252,0.506,1,0,0,0,0,0,25.69,65.97,2.93
323,2023-11-19,Sunday,0,0,0,0,0,0.0,0.0,0.0,0.0,0.0,0.0,0.0,0.0,0.0,0,1,0,0,0,0,25.07,77.67,0.0
324,2023-11-20,Normal_Weekday,54,40,61,1,1,4.89,4.98,4.74,3.52,4.74,3.93,0.454,0.484,0.938,1,0,0,0,0,0,25.68,64.54,5.57
325,2023-11-21,Normal_Weekday,19,33,49,1,1,6.0,5.3,5.56,3.79,4.73,3.77,0.507,0.472,0.979,1,0,0,0,0,0,27.76,56.99,5.95
326,2023-11-22,Normal_Weekday,28,15,29,1,1,5.72,5.61,5.17,4.11,5.23,3.16,0.515,0.446,0.961,1,0,0,0,0,0,24.1,71.05,5.62
327,2023-11-23,Normal_Weekday,32,29,51,1,1,4.12,4.51,3.87,2.71,4.17,3.58,0.358,0.435,0.793,1,0,0,0,0,0,26.11,60.79,4.66
328,2023-11-24,Exam,45,39,60,1,1,4.56,3.84,4.3,3.64,3.51,2.64,0.445,0.338,0.783,1,0,1,0,0,0,28.21,61.5,4.45
329,2023-11-25,Saturday_Class,18,17,25,1,1,2.67,2.37,2.42,1.92,2.35,1.57,0.241,0.212,0.453,1,0,0,0,0,0,26.45,60.83,2.96
330,2023-11-26,Sunday,0,0,0,0,0,0.0,0.0,0.0,0.0,0.0,0.0,0.0,0.0,0.0,0,1,0,0,0,0,27.61,78.66,0.0
331,2023-11-27,Normal_Weekday,31,22,43,1,1,5.65,5.72,5.53,3.6,5.21,3.08,0.491,0.439,0.93,1,0,0,0,0,0,23.28,68.9,5.8
332,2023-11-28,Normal_Weekday,48,5,41,1,1,5.17,5.37,5.01,3.57,5.18,4.36,0.468,0.534,1.002,1,0,0,0,0,0,28.71,64.63,5.88
333,2023-11-29,Exam,59,17,53,1,1,4.19,4.56,4.04,2.74,4.23,3.29,0.367,0.416,0.783,1,0,1,0,0,0,24.74,71.37,4.43
334,2023-11-30,Normal_Weekday,35,25,56,1,1,4.49,4.57,3.99,3.57,4.3,3.18,0.427,0.41,0.837,1,0,0,0,0,0,29.0,75.12,5.24
335,2023-12-01,Normal_Weekday,15,19,29,1,1,5.0,4.44,4.89,3.03,4.06,2.43,0.423,0.345,0.768,1,0,0,0,0,0,23.73,55.78,4.84
336,2023-12-02,Special_Class,33,31,45,1,1,3.55,3.73,3.48,2.62,3.46,2.66,0.336,0.338,0.674,1,0,0,1,0,0,21.2,61.92,3.77
337,2023-12-03,Sunday,0,0,0,0,0,0.0,0.0,0.0,0.0,0.0,0.0,0.0,0.0,0.0,0,1,0,0,0,0,24.62,45.9,0.0
338,2023-12-04,Exam,56,53,72,1,1,4.65,4.71,4.4,3.03,4.45,3.63,0.403,0.45,0.853,1,0,1,0,0,0,23.73,60.22,4.96
339,2023-12-05,Normal_Weekday,23,19,36,1,1,4.5,4.25,4.08,3.12,3.92,2.06,0.397,0.311,0.708,1,0,0,0,0,0,24.76,54.4,4.29
340,2023-12-06,Normal_Weekday,25,33,49,1,1,5.9,5.39,5.51,3.52,4.86,3.6,0.484,0.464,0.948,1,0,0,0,0,0,21.28,50.98,6.67
341,2023-12-07,Normal_Weekday,27,25,38,1,1,4.57,4.54,4.15,2.82,4.11,2.46,0.378,0.349,0.727,1,0,0,0,0,0,20.99,54.59,5.13
342,2023-12-08,Normal_Weekday,40,32,65,1,1,8.16,7.34,7.88,6.2,7.09,5.07,0.78,0.664,1.444,1,0,0,0,0,0,22.51,72.16,7.91
343,2023-12-09,Saturday_Class,34,7,29,1,1,3.49,2.99,3.48,2.39,2.7,1.55,0.318,0.224,0.542,1,0,0,0,0,0,24.79,62.76,3.68
344,2023-12-10,Sunday,0,0,0,0,0,0.0,0.0,0.0,0.0,0.0,0.0,0.0,0.0,0.0,0,1,0,0,0,0,23.94,52.06,0.0
345,2023-12-11,Normal_Weekday,39,24,41,1,1,5.21,5.61,5.05,3.35,5.44,3.7,0.453,0.495,0.948,1,0,0,0,0,0,22.45,53.53,5.56
346,2023-12-12,Normal_Weekday,11,47,53,1,1,4.4,4.02,3.88,2.54,3.54,2.38,0.346,0.32,0.666,1,0,0,0,0,0,23.38,58.11,4.99
347,2023-12-13,Normal_Weekday,25,39,47,1,1,3.39,3.87,3.26,2.01,3.77,2.07,0.281,0.306,0.587,1,0,0,0,0,0,23.0,52.68,3.95
348,2023-12-14,Normal_Weekday,47,8,40,1,1,4.53,4.95,4.49,2.63,4.65,3.1,0.377,0.418,0.795,1,0,0,0,0,0,21.81,43.86,5.2
349,2023-12-15,Exam,29,59,72,1,1,4.03,4.35,3.68,3.05,3.93,3.69,0.376,0.434,0.81,1,0,1,0,0,0,25.57,72.64,4.35
350,2023-12-16,Saturday_Class,4,11,14,1,1,2.84,3.03,2.55,2.33,2.99,1.93,0.277,0.264,0.541,1,0,0,0,0,0,25.4,44.93,3.06
351,2023-12-17,Sunday,0,0,0,0,0,0.0,0.0,0.0,0.0,0.0,0.0,0.0,0.0,0.0,0,1,0,0,0,0,24.57,63.19,0.0
352,2023-12-18,Normal_Weekday,25,32,52,1,1,5.23,5.65,5.08,3.58,5.49,3.14,0.472,0.455,0.927,1,0,0,0,0,0,22.19,58.91,5.83
353,2023-12-19,Normal_Weekday,43,27,62,1,1,4.87,5.22,4.53,3.58,4.93,3.86,0.45,0.487,0.937,1,0,0,0,0,0,22.09,67.23,5.05
354,2023-12-20,Normal_Weekday,27,27,39,1,1,4.15,4.89,3.96,2.42,4.71,3.48,0.34,0.449,0.789,1,0,0,0,0,0,23.73,47.66,4.86
355,2023-12-21,Normal_Weekday,57,35,67,1,1,5.09,5.3,4.95,2.9,4.98,2.81,0.416,0.41,0.826,1,0,0,0,0,0,24.34,63.47,5.33
356,2023-12-22,Normal_Weekday,34,25,56,1,1,4.11,4.99,3.87,2.05,4.7,3.38,0.309,0.442,0.751,1,0,0,0,0,0,23.4,58.84,4.8
357,2023-12-23,Saturday_Class,8,16,18,1,1,2.49,2.62,2.38,1.56,2.55,1.32,0.212,0.201,0.413,1,0,0,0,0,0,22.86,45.93,2.54
358,2023-12-24,Sunday,0,0,0,0,0,0.0,0.0,0.0,0.0,0.0,0.0,0.0,0.0,0.0,0,1,0,0,0,0,22.7,59.18,0.0
359,2023-12-25,Vacation,0,0,0,0,0,0.0,0.0,0.0,0.0,0.0,0.0,0.0,0.0,0.0,0,0,0,0,0,1,22.74,61.41,0.0
360,2023-12-26,Vacation,0,0,0,0,0,0.0,0.0,0.0,0.0,0.0,0.0,0.0,0.0,0.0,0,0,0,0,0,1,22.22,52.39,0.0
361,2023-12-27,Vacation,0,0,0,0,0,0.0,0.0,0.0,0.0,0.0,0.0,0.0,0.0,0.0,0,0,0,0,0,1,24.66,56.77,0.0
362,2023-12-28,Vacation,0,0,0,0,0,0.0,0.0,0.0,0.0,0.0,0.0,0.0,0.0,0.0,0,0,0,0,0,1,22.18,63.27,0.0
363,2023-12-29,Vacation,0,0,0,0,0,0.0,0.0,0.0,0.0,0.0,0.0,0.0,0.0,0.0,0,0,0,0,0,1,21.62,49.18,0.0
364,2023-12-30,Vacation,0,0,0,0,0,0.0,0.0,0.0,0.0,0.0,0.0,0.0,0.0,0.0,0,0,0,0,0,1,17.34,50.57,0.0
365,2023-12-31,Sunday,0,0,0,0,0,0.0,0.0,0.0,0.0,0.0,0.0,0.0,0.0,0.0,0,1,0,0,0,0,25.62,38.42,0.0
366,2024-01-01,Normal_Weekday,34,17,37,1,1,6.11,5.45,5.87,4.04,5.28,3.67,0.538,0.486,1.024,1,0,0,0,0,0,21.1,58.51,6.2
367,2024-01-02,Exam,69,47,90,1,1,3.91,3.97,3.69,2.48,3.61,2.98,0.334,0.368,0.702,1,0,1,0,0,0,18.51,50.91,3.83
368,2024-01-03,Normal_Weekday,35,38,61,1,1,5.28,5.08,5.09,4.09,4.69,3.78,0.51,0.471,0.981,1,0,0,0,0,0,25.28,71.34,5.83
369,2024-01-04,Normal_Weekday,19,33,48,1,1,6.29,4.84,6.1,3.81,4.55,3.27,0.53,0.427,0.957,1,0,0,0,0,0,23.58,47.59,6.03
370,2024-01-05,Normal_Weekday,9,13,18,1,1,6.33,6.8,5.98,4.24,6.32,4.39,0.557,0.582,1.139,1,0,0,0,0,0,21.08,56.16,6.49
371,2024-01-06,Special_Class,33,34,56,1,1,5.05,4.9,5.05,2.65,4.84,3.05,0.401,0.422,0.823,1,0,0,1,0,0,23.56,69.86,5.54
372,2024-01-07,Sunday,0,0,0,0,0,0.0,0.0,0.0,0.0,0.0,0.0,0.0,0.0,0.0,0,1,0,0,0,0,24.94,55.67,0.0
373,2024-01-08,Normal_Weekday,24,12,27,1,1,4.86,4.78,4.75,3.89,4.38,3.17,0.482,0.413,0.895,1,0,0,0,0,0,22.33,79.12,5.39
374,2024-01-09,Normal_Weekday,48,18,49,1,1,4.78,4.86,4.44,3.38,4.62,2.99,0.431,0.409,0.84,1,0,0,0,0,0,24.25,49.65,4.7
375,2024-01-10,Normal_Weekday,20,56,65,1,1,5.21,4.1,5.19,2.81,4.03,2.48,0.418,0.347,0.765,1,0,0,0,0,0,22.55,47.98,5.03
376,2024-01-11,Normal_Weekday,33,29,44,1,1,3.77,3.65,3.57,2.08,3.58,2.44,0.299,0.326,0.625,1,0,0,0,0,0,18.19,57.5,4.35
377,2024-01-12,Event,38,43,65,1,1,4.89,4.27,4.78,3.37,3.98,3.03,0.444,0.386,0.83,1,0,0,0,1,0,26.56,41.96,4.69
378,2024-01-13,Saturday_Class,4,23,24,1,1,3.55,3.22,3.2,1.98,2.94,1.84,0.276,0.256,0.532,1,0,0,0,0,0,23.11,49.34,3.74
379,2024-01-14,Sunday,0,0,0,0,0,0.0,0.0,0.0,0.0,0.0,0.0,0.0,0.0,0.0,0,1,0,0,0,0,24.04,53.62,0.0
380,2024-01-15,Exam,44,59,88,1,1,6.66,6.58,5.93,3.66,6.36,4.3,0.512,0.577,1.089,1,0,1,0,0,0,20.28,47.15,6.66
381,2024-01-16,Normal_Weekday,13,23,32,1,1,4.95,5.26,4.69,3.2,4.66,3.81,0.428,0.472,0.9,1,0,0,0,0,0,21.34,65.75,5.13
382,2024-01-17,Normal_Weekday,39,38,56,1,1,5.22,4.86,5.1,3.22,4.69,3.15,0.446,0.424,0.87,1,0,0,0,0,0,25.59,52.51,6.07
383,2024-01-18,Normal_Weekday,10,40,34,1,1,5.53,5.99,5.34,3.79,5.79,4.79,0.498,0.591,1.089,1,0,0,0,0,0,25.46,53.61,6.2
384,2024-01-19,Normal_Weekday,31,34,46,1,1,3.89,3.88,3.44,1.99,3.48,2.61,0.287,0.335,0.622,1,0,0,0,0,0,22.35,55.46,3.79
385,2024-01-20,Saturday_Class,29,16,39,1,1,2.33,1.98,2.16,1.49,1.78,0.97,0.198,0.144,0.342,1,0,0,0,0,0,23.57,50.56,2.26
386,2024-01-21,Sunday,0,0,0,0,0,0.0,0.0,0.0,0.0,0.0,0.0,0.0,0.0,0.0,0,1,0,0,0,0,23.04,61.3,0.0
387,2024-01-22,Normal_Weekday,38,39,66,1,1,3.9,3.72,3.86,2.15,3.48,2.49,0.316,0.326,0.642,1,0,0,0,0,0,23.26,55.34,4.4
388,2024-01-23,Normal_Weekday,26,34,48,1,1,5.9,5.83,5.34,3.24,5.32,4.28,0.457,0.534,0.991,1,0,0,0,0,0,23.99,60.33,6.42
389,2024-01-24,Holiday,0,0,0,0,0,0.0,0.0,0.0,0.0,0.0,0.0,0.0,0.0,0.0,0,1,0,0,0,0,22.87,51.21,0.0
390,2024-01-25,Normal_Weekday,37,30,47,1,1,5.2,5.29,4.96,3.04,4.94,3.99,0.426,0.497,0.923,1,0,0,0,0,0,23.38,42.25,5.73
391,2024-01-26,Normal_Weekday,41,29,46,1,1,6.56,6.84,6.48,4.43,6.21,3.43,0.591,0.506,1.097,1,0,0,0,0,0,22.58,35.23,7.21
392,2024-01-27,Saturday_Class,10,24,32,1,1,2.21,2.37,1.97,1.35,2.33,1.69,0.18,0.22,0.4,1,0,0,0,0,0,19.65,40.39,2.53
393,2024-01-28,Sunday,0,0,0,0,0,0.0,0.0,0.0,0.0,0.0,0.0,0.0,0.0,0.0,0,1,0,0,0,0,25.09,55.11,0.0
394,2024-01-29,Holiday,0,0,0,0,0,0.0,0.0,0.0,0.0,0.0,0.0,0.0,0.0,0.0,0,1,0,0,0,0,20.48,58.93,0.0
395,2024-01-30,Normal_Weekday,45,27,65,1,1,5.42,4.66,4.8,3.08,4.26,2.58,0.423,0.364,0.787,1,0,0,0,0,0,24.98,59.07,5.26
396,2024-01-31,Normal_Weekday,43,22,43,1,1,6.58,6.39,6.0,4.25,6.02,4.11,0.559,0.549,1.108,1,0,0,0,0,0,22.62,56.86,6.35
397,2024-02-01,Holiday,0,0,0,0,0,0.0,0.0,0.0,0.0,0.0,0.0,0.0,0.0,0.0,0,1,0,0,0,0,24.8,51.25,0.0
398,2024-02-02,Normal_Weekday,15,33,33,1,1,6.5,6.51,5.92,3.37,6.31,4.48,0.49,0.588,1.078,1,0,0,0,0,0,23.06,52.94,6.75
399,2024-02-03,Saturday_Class,21,12,25,1,1,3.05,2.67,2.77,2.06,2.5,1.71,0.265,0.228,0.493,1,0,0,0,0,0,19.77,62.33,3.33
400,2024-02-04,Sunday,0,0,0,0,0,0.0,0.0,0.0,0.0,0.0,0.0,0.0,0.0,0.0,0,1,0,0,0,0,27.11,48.01,0.0
401,2024-02-05,Exam,41,41,61,1,1,5.77,5.69,5.47,3.77,5.52,3.04,0.502,0.449,0.951,1,0,1,0,0,0,24.93,48.26,5.69
402,2024-02-06,Normal_Weekday,49,30,59,1,1,5.35,4.71,5.33,3.89,4.4,2.76,0.505,0.383,0.888,1,0,0,0,0,0,23.27,67.06,5.68
403,2024-02-07,Normal_Weekday,42,31,61,1,1,4.8,3.92,4.7,3.62,3.62,2.44,0.46,0.328,0.788,1,0,0,0,0,0,21.96,54.88,4.59
404,2024-02-08,Event,49,59,90,1,1,6.16,4.99,6.09,4.5,4.59,2.8,0.581,0.394,0.975,1,0,0,0,1,0,19.4,49.69,6.18
405,2024-02-09,Exam,59,32,70,1,1,4.38,4.16,4.28,2.73,3.9,2.69,0.376,0.358,0.734,1,0,1,0,0,0,19.19,58.43,4.46
406,2024-02-10,Special_Class,67,27,86,1,1,2.86,2.77,2.81,2.3,2.57,1.53,0.285,0.218,0.503,1,0,0,1,0,0,24.66,53.23,2.76
407,2024-02-11,Sunday,0,0,0,0,0,0.0,0.0,0.0,0.0,0.0,0.0,0.0,0.0,0.0,0,1,0,0,0,0,23.57,52.39,0.0
408,2024-02-12,Normal_Weekday,11,8,17,1,1,6.37,5.26,5.86,3.48,4.93,3.29,0.495,0.444,0.939,1,0,0,0,0,0,24.48,56.04,6.08
409,2024-02-13,Exam,39,36,57,1,1,4.55,4.02,4.36,3.31,3.97,2.97,0.423,0.382,0.805,1,0,1,0,0,0,19.03,62.52,4.95
410,2024-02-14,Event,30,25,40,1,1,5.63,6.36,5.18,3.22,5.6,3.36,0.449,0.476,0.925,1,0,0,0,1,0,22.22,44.84,6.54
411,2024-02-15,Normal_Weekday,31,30,47,1,1,3.87,3.44,3.53,1.97,3.4,1.88,0.289,0.277,0.566,1,0,0,0,0,0,22.12,39.78,3.98
412,2024-02-16,Normal_Weekday,19,35,50,1,1,5.08,4.69,4.56,3.67,4.5,2.84,0.458,0.393,0.851,1,0,0,0,0,0,20.5,56.14,5.27
413,2024-02-17,Saturday_Class,28,14,39,1,1,3.63,3.41,3.62,2.67,3.27,2.07,0.345,0.286,0.631,1,0,0,0,0,0,23.45,57.45,3.84
414,2024-02-18,Sunday,0,0,0,0,0,0.0,0.0,0.0,0.0,0.0,0.0,0.0,0.0,0.0,0,1,0,0,0,0,23.01,49.46,0.0
415,2024-02-19,Normal_Weekday,59,20,55,1,1,5.47,5.94,5.0,3.41,5.88,3.09,0.456,0.467,0.923,1,0,0,0,0,0,22.89,51.5,5.93
416,2024-02-20,Normal_Weekday,33,33,55,1,1,3.83,4.05,3.63,2.62,3.68,2.21,0.342,0.313,0.655,1,0,0,0,0,0,19.75,48.82,4.42
417,2024-02-21,Normal_Weekday,13,28,29,1,1,4.6,4.91,4.59,3.16,4.85,3.12,0.421,0.428,0.849,1,0,0,0,0,0,24.78,67.71,4.86
418,2024-02-22,Holiday,0,0,0,0,0,0.0,0.0,0.0,0.0,0.0,0.0,0.0,0.0,0.0,0,1,0,0,0,0,24.3,67.35,0.0
419,2024-02-23,Normal_Weekday,24,21,40,1,1,5.0,4.97,4.69,3.34,4.69,2.93,0.438,0.407,0.845,1,0,0,0,0,0,23.17,68.94,4.94
420,2024-02-24,Saturday_Class,15,14,27,1,1,2.28,2.25,2.02,1.53,2.02,1.64,0.196,0.204,0.4,1,0,0,0,0,0,27.11,41.13,2.46
421,2024-02-25,Sunday,0,0,0,0,0,0.0,0.0,0.0,0.0,0.0,0.0,0.0,0.0,0.0,0,1,0,0,0,0,23.44,55.69,0.0
422,2024-02-26,Normal_Weekday,49,21,60,1,1,5.16,6.11,5.01,3.56,6.06,4.25,0.467,0.561,1.028,1,0,0,0,0,0,22.15,58.94,5.91
423,2024-02-27,Normal_Weekday,36,23,42,1,1,5.24,4.96,4.8,3.64,4.49,2.8,0.465,0.39,0.855,1,0,0,0,0,0,23.08,49.12,5.31
424,2024-02-28,Normal_Weekday,34,11,37,1,1,5.1,4.6,5.09,3.43,4.41,2.68,0.461,0.377,0.838,1,0,0,0,0,0,22.95,64.64,5.47
425,2024-02-29,Normal_Weekday,21,29,46,1,1,4.89,5.2,4.66,3.35,5.05,2.95,0.438,0.423,0.861,1,0,0,0,0,0,23.37,60.02,4.99
426,2024-03-01,Normal_Weekday,24,23,43,1,1,6.24,6.53,5.61,4.92,6.4,5.0,0.593,0.631,1.224,1,0,0,0,0,0,30.81,62.52,7.22
427,2024-03-02,Saturday_Class,24,24,39,1,1,3.41,3.72,3.3,2.27,3.71,3.06,0.302,0.378,0.68,1,0,0,0,0,0,28.48,53.0,3.9
428,2024-03-03,Sunday,0,0,0,0,0,0.0,0.0,0.0,0.0,0.0,0.0,0.0,0.0,0.0,0,1,0,0,0,0,31.24,45.24,0.0
429,2024-03-04,Normal_Weekday,29,19,37,1,1,4.92,5.05,4.53,3.9,4.6,3.76,0.474,0.466,0.94,1,0,0,0,0,0,29.42,61.13,5.68
430,2024-03-05,Normal_Weekday,42,17,47,1,1,5.75,5.39,5.18,4.46,5.2,4.19,0.542,0.522,1.064,1,0,0,0,0,0,31.82,66.06,5.99
431,2024-03-06,Normal_Weekday,25,30,50,1,1,5.74,5.27,5.17,3.91,4.7,3.97,0.5,0.486,0.986,1,0,0,0,0,0,30.0,58.58,5.9
432,2024-03-07,Holiday,0,0,0,0,0,0.0,0.0,0.0,0.0,0.0,0.0,0.0,0.0,0.0,0,1,0,0,0,0,29.82,65.06,0.0
433,2024-03-08,Normal_Weekday,5,18,19,1,1,5.34,4.9,4.86,5.23,4.35,4.62,0.587,0.52,1.107,1,0,0,0,0,0,34.48,62.83,5.93
434,2024-03-09,Special_Class,31,44,64,1,1,3.38,3.31,3.32,3.07,3.31,2.84,0.363,0.345,0.708,1,0,0,1,0,0,34.15,58.32,3.43
435,2024-03-10,Sunday,0,0,0,0,0,0.0,0.0,0.0,0.0,0.0,0.0,0.0,0.0,0.0,0,1,0,0,0,0,33.51,58.75,0.0
436,2024-03-11,Exam,25,45,64,1,1,3.08,3.21,2.88,1.97,2.87,2.72,0.263,0.319,0.582,1,0,1,0,0,0,28.94,60.47,3.57
437,2024-03-12,Normal_Weekday,39,40,72,1,1,5.2,4.15,4.92,3.92,4.11,3.62,0.491,0.436,0.927,1,0,0,0,0,0,29.01,81.39,5.12
438,2024-03-13,Event,54,53,90,1,1,5.21,4.7,5.07,4.53,4.62,3.89,0.543,0.477,1.02,1,0,0,0,1,0,30.66,64.45,5.58
439,2024-03-14,Normal_Weekday,44,40,70,1,1,5.07,5.23,4.61,3.81,5.1,4.16,0.47,0.516,0.986,1,0,0,0,0,0,31.47,45.66,5.65
440,2024-03-15,Normal_Weekday,24,33,52,1,1,6.49,6.78,5.89,5.48,6.42,5.09,0.647,0.639,1.286,1,0,0,0,0,0,26.75,65.49,6.52
441,2024-03-16,Saturday_Class,18,17,26,1,1,3.92,3.89,3.63,3.51,3.62,3.18,0.408,0.383,0.791,1,0,0,0,0,0,35.37,50.65,3.78
442,2024-03-17,Sunday,0,0,0,0,0,0.0,0.0,0.0,0.0,0.0,0.0,0.0,0.0,0.0,0,1,0,0,0,0,27.36,54.75,0.0
443,2024-03-18,Normal_Weekday,23,33,50,1,1,5.12,5.02,4.79,3.67,4.73,3.35,0.467,0.44,0.907,1,0,0,0,0,0,29.16,51.5,5.24
444,2024-03-19,Exam,45,54,65,1,1,5.9,5.98,5.24,5.22,5.71,5.4,0.601,0.633,1.234,1,0,1,0,0,0,33.03,57.5,6.17
445,2024-03-20,Normal_Weekday,41,11,49,1,1,4.62,4.85,4.33,3.58,4.64,3.85,0.442,0.474,0.916,1,0,0,0,0,0,29.43,63.89,4.94
446,2024-03-21,Holiday,0,0,0,0,0,0.0,0.0,0.0,0.0,0.0,0.0,0.0,0.0,0.0,0,1,0,0,0,0,33.17,54.63,0.0
447,2024-03-22,Exam,28,48,64,1,1,4.84,4.45,4.77,3.57,4.25,3.48,0.459,0.431,0.89,1,0,1,0,0,0,31.84,63.21,4.76
448,2024-03-23,Saturday_Class,33,17,34,1,1,3.79,3.38,3.74,3.03,3.27,2.75,0.377,0.337,0.714,1,0,0,0,0,0,32.57,58.41,3.72
449,2024-03-24,Sunday,0,0,0,0,0,0.0,0.0,0.0,0.0,0.0,0.0,0.0,0.0,0.0,0,1,0,0,0,0,35.08,63.83,0.0
450,2024-03-25,Normal_Weekday,34,45,74,1,1,5.61,6.3,5.09,4.05,5.77,4.47,0.507,0.566,1.073,1,0,0,0,0,0,30.37,53.55,6.23
451,2024-03-26,Normal_Weekday,46,12,54,1,1,5.01,4.91,4.53,4.18,4.34,4.09,0.495,0.48,0.975,1,0,0,0,0,0,30.1,64.32,5.29
452,2024-03-27,Event,40,45,63,1,1,6.23,5.51,5.73,4.43,5.45,4.68,0.561,0.569,1.13,1,0,0,0,1,0,29.94,53.75,6.81
453,2024-03-28,Normal_Weekday,27,29,46,1,1,3.38,2.99,3.1,2.83,2.87,2.87,0.336,0.33,0.666,1,0,0,0,0,0,34.15,59.92,3.74
454,2024-03-29,Normal_Weekday,46,11,38,1,1,6.44,6.78,5.87,5.4,6.54,6.15,0.64,0.723,1.363,1,0,0,0,0,0,34.5,65.98,7.01
455,2024-03-30,Saturday_Class,23,11,22,1,1,2.98,3.05,2.72,2.19,3.0,2.3,0.273,0.292,0.565,1,0,0,0,0,0,28.56,56.98,2.95
456,2024-03-31,Sunday,0,0,0,0,0,0.0,0.0,0.0,0.0,0.0,0.0,0.0,0.0,0.0,0,1,0,0,0,0,33.97,45.78,0.0
457,2024-04-01,Normal_Weekday,50,27,66,1,1,6.18,7.17,5.87,5.43,7.02,5.52,0.642,0.695,1.337,1,0,0,0,0,0,32.55,57.61,6.85
458,2024-04-02,Normal_Weekday,11,23,32,1,1,4.3,4.78,3.89,2.82,4.36,3.63,0.367,0.447,0.814,1,0,0,0,0,0,27.11,59.2,5.03
459,2024-04-03,Normal_Weekday,14,5,13,1,1,5.93,7.02,5.78,4.62,6.77,4.46,0.578,0.605,1.183,1,0,0,0,0,0,29.41,46.32,6.78
460,2024-04-04,Event,59,57,83,1,1,6.47,6.98,6.01,5.68,6.63,6.13,0.666,0.725,1.391,1,0,0,0,1,0,31.52,38.69,7.31
461,2024-04-05,Exam,47,33,68,1,1,4.25,4.0,3.78,3.97,3.84,3.88,0.449,0.445,0.894,1,0,1,0,0,0,29.81,83.51,4.43
462,2024-04-06,Special_Class,35,18,49,1,1,3.06,2.93,2.71,2.43,2.69,2.25,0.291,0.276,0.567,1,0,0,1,0,0,33.13,49.19,3.47
463,2024-04-07,Sunday,0,0,0,0,0,0.0,0.0,0.0,0.0,0.0,0.0,0.0,0.0,0.0,0,1,0,0,0,0,35.01,48.08,0.0
464,2024-04-08,Normal_Weekday,54,16,54,1,1,7.2,5.74,6.71,6.01,5.69,4.24,0.719,0.546,1.265,1,0,0,0,0,0,30.12,46.51,7.0
465,2024-04-09,Normal_Weekday,42,25,48,1,1,4.67,4.15,4.57,4.04,3.86,3.68,0.486,0.43,0.916,1,0,0,0,0,0,32.14,71.69,5.02
466,2024-04-10,Exam,29,55,76,1,1,3.67,3.3,3.59,2.32,3.07,2.35,0.318,0.299,0.617,1,0,1,0,0,0,29.0,37.4,4.09
467,2024-04-11,Exam,51,39,64,1,1,5.37,5.51,4.82,4.91,5.06,5.31,0.561,0.601,1.162,1,0,1,0,0,0,34.23,73.54,5.28
468,2024-04-12,Event,53,49,90,1,1,5.68,5.73,5.67,4.66,5.07,4.99,0.576,0.577,1.153,1,0,0,0,1,0,26.51,62.6,5.55
469,2024-04-13,Saturday_Class,24,20,37,1,1,2.89,2.51,2.83,2.27,2.29,2.25,0.283,0.26,0.543,1,0,0,0,0,0,32.07,50.13,3.09
470,2024-04-14,Sunday,0,0,0,0,0,0.0,0.0,0.0,0.0,0.0,0.0,0.0,0.0,0.0,0,1,0,0,0,0,28.01,67.92,0.0
471,2024-04-15,Normal_Weekday,34,35,61,1,1,5.18,4.51,4.7,4.68,4.5,3.8,0.539,0.465,1.004,1,0,0,0,0,0,31.95,60.54,5.58
472,2024-04-16,Normal_Weekday,19,27,32,1,1,4.81,4.0,4.26,3.73,3.75,2.86,0.45,0.364,0.814,1,0,0,0,0,0,29.95,49.98,4.98
473,2024-04-17,Normal_Weekday,23,47,50,1,1,4.14,4.57,3.74,2.84,4.55,2.77,0.363,0.39,0.753,1,0,0,0,0,0,25.36,55.72,4.82
474,2024-04-18,Holiday,0,0,0,0,0,0.0,0.0,0.0,0.0,0.0,0.0,0.0,0.0,0.0,0,1,0,0,0,0,35.1,49.1,0.0
475,2024-04-19,Normal_Weekday,23,27,41,1,1,6.05,6.79,5.5,4.15,6.38,5.61,0.531,0.676,1.207,1,0,0,0,0,0,27.69,62.36,6.5
476,2024-04-20,Saturday_Class,27,10,27,1,1,2.1,1.83,1.99,1.57,1.65,1.5,0.197,0.178,0.375,1,0,0,0,0,0,33.05,52.14,2.11
477,2024-04-21,Sunday,0,0,0,0,0,0.0,0.0,0.0,0.0,0.0,0.0,0.0,0.0,0.0,0,1,0,0,0,0,30.63,60.64,0.0
478,2024-04-22,Normal_Weekday,28,27,37,1,1,6.02,5.22,5.6,5.09,4.67,4.27,0.606,0.507,1.113,1,0,0,0,0,0,31.11,68.0,5.84
479,2024-04-23,Normal_Weekday,26,5,26,1,1,4.55,4.91,4.39,4.3,4.61,4.6,0.498,0.529,1.027,1,0,0,0,0,0,37.59,40.91,4.87
480,2024-04-24,Normal_Weekday,44,15,54,1,1,5.63,4.77,5.28,5.26,4.26,4.33,0.606,0.495,1.101,1,0,0,0,0,0,34.57,59.05,5.57
481,2024-04-25,Normal_Weekday,20,27,34,1,1,6.36,5.05,5.65,6.01,4.5,4.87,0.677,0.545,1.222,1,0,0,0,0,0,34.97,65.24,6.14
482,2024-04-26,Normal_Weekday,60,27,75,1,1,4.65,4.38,4.59,4.65,3.86,3.71,0.532,0.433,0.965,1,0,0,0,0,0,31.65,65.6,4.95
483,2024-04-27,Saturday_Class,18,16,25,1,1,3.48,3.73,3.22,2.65,3.45,3.03,0.328,0.365,0.693,1,0,0,0,0,0,30.51,50.26,4.04
484,2024-04-28,Sunday,0,0,0,0,0,0.0,0.0,0.0,0.0,0.0,0.0,0.0,0.0,0.0,0,1,0,0,0,0,33.53,49.56,0.0
485,2024-04-29,Normal_Weekday,21,28,37,1,1,4.43,4.17,4.15,4.03,3.76,3.52,0.468,0.414,0.882,1,0,0,0,0,0,33.11,58.31,4.72
486,2024-04-30,Normal_Weekday,19,24,35,1,1,5.45,5.82,5.3,4.13,5.3,4.72,0.522,0.566,1.088,1,0,0,0,0,0,25.68,52.26,6.17
487,2024-05-01,Normal_Weekday,43,34,55,1,1,3.16,3.1,2.85,2.57,3.05,2.87,0.307,0.337,0.644,1,0,0,0,0,0,32.34,53.94,3.13
488,2024-05-02,Normal_Weekday,48,38,57,1,1,4.81,4.74,4.55,3.96,4.2,3.84,0.479,0.456,0.935,1,0,0,0,0,0,25.13,71.21,5.33
489,2024-05-03,Normal_Weekday,53,31,77,1,1,4.97,5.17,4.76,4.32,4.66,3.94,0.514,0.482,0.996,1,0,0,0,0,0,31.92,62.44,5.33
490,2024-05-04,Saturday_Class,28,21,37,1,1,4.23,4.57,3.82,3.55,4.17,3.7,0.419,0.444,0.863,1,0,0,0,0,0,30.32,63.31,4.75
491,2024-05-05,Sunday,0,0,0,0,0,0.0,0.0,0.0,0.0,0.0,0.0,0.0,0.0,0.0,0,1,0,0,0,0,36.09,50.65,0.0
492,2024-05-06,Normal_Weekday,33,38,64,1,1,4.19,4.74,3.76,4.14,4.31,4.27,0.461,0.493,0.954,1,0,0,0,0,0,35.67,61.99,4.64
493,2024-05-07,Normal_Weekday,56,20,61,1,1,4.65,4.68,4.55,4.08,4.35,3.89,0.488,0.466,0.954,1,0,0,0,0,0,29.33,80.12,5.19
494,2024-05-08,Normal_Weekday,27,30,38,1,1,5.49,5.92,5.13,4.63,5.76,5.27,0.552,0.626,1.178,1,0,0,0,0,0,32.48,64.76,6.11
495,2024-05-09,Normal_Weekday,24,22,42,1,1,6.11,5.41,5.99,4.3,4.86,3.68,0.562,0.47,1.032,1,0,0,0,0,0,30.83,50.04,6.02
496,2024-05-10,Normal_Weekday,19,22,36,1,1,5.7,6.37,5.34,5.23,5.83,5.51,0.606,0.646,1.252,1,0,0,0,0,0,31.92,73.81,6.47
497,2024-05-11,Special_Class,37,57,77,1,1,5.34,4.84,4.92,4.35,4.75,4.12,0.523,0.499,1.022,1,0,0,1,0,0,30.73,57.73,5.9
498,2024-05-12,Sunday,0,0,0,0,0,0.0,0.0,0.0,0.0,0.0,0.0,0.0,0.0,0.0,0,1,0,0,0,0,35.14,55.0,0.0
499,2024-05-13,Normal_Weekday,20,36,53,1,1,4.57,3.66,4.41,3.82,3.43,3.52,0.463,0.401,0.864,1,0,0,0,0,0,32.78,66.77,4.36
500,2024-05-14,Normal_Weekday,32,29,43,1,1,5.89,6.21,5.86,5.58,6.07,5.01,0.653,0.619,1.272,1,0,0,0,0,0,31.01,61.1,6.11
501,2024-05-15,Vacation,0,0,0,0,0,0.0,0.0,0.0,0.0,0.0,0.0,0.0,0.0,0.0,0,0,0,0,0,1,33.15,53.99,0.0
502,2024-05-16,Vacation,0,0,0,0,0,0.0,0.0,0.0,0.0,0.0,0.0,0.0,0.0,0.0,0,0,0,0,0,1,33.54,52.53,0.0
503,2024-05-17,Vacation,0,0,0,0,0,0.0,0.0,0.0,0.0,0.0,0.0,0.0,0.0,0.0,0,0,0,0,0,1,29.81,42.73,0.0
504,2024-05-18,Vacation,0,0,0,0,0,0.0,0.0,0.0,0.0,0.0,0.0,0.0,0.0,0.0,0,0,0,0,0,1,30.24,49.84,0.0
505,2024-05-19,Sunday,0,0,0,0,0,0.0,0.0,0.0,0.0,0.0,0.0,0.0,0.0,0.0,0,1,0,0,0,0,30.5,64.12,0.0
506,2024-05-20,Vacation,0,0,0,0,0,0.0,0.0,0.0,0.0,0.0,0.0,0.0,0.0,0.0,0,0,0,0,0,1,27.19,38.25,0.0
507,2024-05-21,Vacation,0,0,0,0,0,0.0,0.0,0.0,0.0,0.0,0.0,0.0,0.0,0.0,0,0,0,0,0,1,29.63,62.61,0.0
508,2024-05-22,Vacation,0,0,0,0,0,0.0,0.0,0.0,0.0,0.0,0.0,0.0,0.0,0.0,0,0,0,0,0,1,32.22,50.35,0.0
509,2024-05-23,Vacation,0,0,0,0,0,0.0,0.0,0.0,0.0,0.0,0.0,0.0,0.0,0.0,0,0,0,0,0,1,34.42,51.42,0.0
510,2024-05-24,Vacation,0,0,0,0,0,0.0,0.0,0.0,0.0,0.0,0.0,0.0,0.0,0.0,0,0,0,0,0,1,32.66,54.37,0.0
511,2024-05-25,Vacation,0,0,0,0,0,0.0,0.0,0.0,0.0,0.0,0.0,0.0,0.0,0.0,0,0,0,0,0,1,29.33,51.95,0.0
512,2024-05-26,Sunday,0,0,0,0,0,0.0,0.0,0.0,0.0,0.0,0.0,0.0,0.0,0.0,0,1,0,0,0,0,33.34,61.61,0.0
513,2024-05-27,Vacation,0,0,0,0,0,0.0,0.0,0.0,0.0,0.0,0.0,0.0,0.0,0.0,0,0,0,0,0,1,33.92,61.61,0.0
514,2024-05-28,Vacation,0,0,0,0,0,0.0,0.0,0.0,0.0,0.0,0.0,0.0,0.0,0.0,0,0,0,0,0,1,27.47,79.14,0.0
515,2024-05-29,Vacation,0,0,0,0,0,0.0,0.0,0.0,0.0,0.0,0.0,0.0,0.0,0.0,0,0,0,0,0,1,32.44,63.15,0.0
516,2024-05-30,Vacation,0,0,0,0,0,0.0,0.0,0.0,0.0,0.0,0.0,0.0,0.0,0.0,0,0,0,0,0,1,30.56,69.13,0.0
517,2024-05-31,Vacation,0,0,0,0,0,0.0,0.0,0.0,0.0,0.0,0.0,0.0,0.0,0.0,0,0,0,0,0,1,28.77,64.1,0.0
518,2024-06-01,Vacation,0,0,0,0,0,0.0,0.0,0.0,0.0,0.0,0.0,0.0,0.0,0.0,0,0,0,0,0,1,24.34,81.42,0.0
519,2024-06-02,Sunday,0,0,0,0,0,0.0,0.0,0.0,0.0,0.0,0.0,0.0,0.0,0.0,0,1,0,0,0,0,26.34,78.22,0.0
520,2024-06-03,Vacation,0,0,0,0,0,0.0,0.0,0.0,0.0,0.0,0.0,0.0,0.0,0.0,0,0,0,0,0,1,31.21,82.58,0.0
521,2024-06-04,Vacation,0,0,0,0,0,0.0,0.0,0.0,0.0,0.0,0.0,0.0,0.0,0.0,0,0,0,0,0,1,30.95,84.97,0.0
522,2024-06-05,Vacation,0,0,0,0,0,0.0,0.0,0.0,0.0,0.0,0.0,0.0,0.0,0.0,0,0,0,0,0,1,27.45,80.79,0.0
523,2024-06-06,Vacation,0,0,0,0,0,0.0,0.0,0.0,0.0,0.0,0.0,0.0,0.0,0.0,0,0,0,0,0,1,25.05,70.5,0.0
524,2024-06-07,Vacation,0,0,0,0,0,0.0,0.0,0.0,0.0,0.0,0.0,0.0,0.0,0.0,0,0,0,0,0,1,31.29,72.92,0.0
525,2024-06-08,Vacation,0,0,0,0,0,0.0,0.0,0.0,0.0,0.0,0.0,0.0,0.0,0.0,0,0,0,0,0,1,24.76,92.11,0.0
526,2024-06-09,Sunday,0,0,0,0,0,0.0,0.0,0.0,0.0,0.0,0.0,0.0,0.0,0.0,0,1,0,0,0,0,29.62,82.12,0.0
527,2024-06-10,Vacation,0,0,0,0,0,0.0,0.0,0.0,0.0,0.0,0.0,0.0,0.0,0.0,0,0,0,0,0,1,26.54,78.27,0.0
528,2024-06-11,Vacation,0,0,0,0,0,0.0,0.0,0.0,0.0,0.0,0.0,0.0,0.0,0.0,0,0,0,0,0,1,29.02,69.43,0.0
529,2024-06-12,Vacation,0,0,0,0,0,0.0,0.0,0.0,0.0,0.0,0.0,0.0,0.0,0.0,0,0,0,0,0,1,28.16,64.0,0.0
530,2024-06-13,Vacation,0,0,0,0,0,0.0,0.0,0.0,0.0,0.0,0.0,0.0,0.0,0.0,0,0,0,0,0,1,27.81,83.79,0.0
531,2024-06-14,Vacation,0,0,0,0,0,0.0,0.0,0.0,0.0,0.0,0.0,0.0,0.0,0.0,0,0,0,0,0,1,27.01,91.26,0.0
532,2024-06-15,Vacation,0,0,0,0,0,0.0,0.0,0.0,0.0,0.0,0.0,0.0,0.0,0.0,0,0,0,0,0,1,25.63,73.92,0.0
533,2024-06-16,Sunday,0,0,0,0,0,0.0,0.0,0.0,0.0,0.0,0.0,0.0,0.0,0.0,0,1,0,0,0,0,27.19,74.56,0.0
534,2024-06-17,Normal_Weekday,25,30,36,1,1,6.01,6.07,5.56,4.49,5.71,5.42,0.559,0.635,1.194,1,0,0,0,0,0,31.24,68.12,6.62
535,2024-06-18,Normal_Weekday,28,9,34,1,1,3.92,3.69,3.88,2.82,3.43,2.89,0.367,0.354,0.721,1,0,0,0,0,0,27.6,81.24,4.19
536,2024-06-19,Normal_Weekday,43,37,62,1,1,7.0,7.36,6.6,6.23,7.19,5.58,0.731,0.706,1.437,1,0,0,0,0,0,28.69,77.4,7.27
537,2024-06-20,Normal_Weekday,17,11,26,1,1,6.18,6.4,5.76,4.04,6.01,4.39,0.533,0.57,1.103,1,0,0,0,0,0,26.57,75.43,6.43
538,2024-06-21,Normal_Weekday,13,50,55,1,1,5.16,6.07,4.97,4.07,5.38,5.04,0.504,0.593,1.097,1,0,0,0,0,0,30.76,63.12,6.04
539,2024-06-22,Saturday_Class,29,15,40,1,1,3.63,4.1,3.6,2.68,3.73,2.4,0.345,0.329,0.674,1,0,0,0,0,0,27.11,61.48,4.03
540,2024-06-23,Sunday,0,0,0,0,0,0.0,0.0,0.0,0.0,0.0,0.0,0.0,0.0,0.0,0,1,0,0,0,0,29.57,85.8,0.0
541,2024-06-24,Event,20,32,43,1,1,4.47,4.27,4.01,3.44,4.03,3.32,0.418,0.41,0.828,1,0,0,0,1,0,28.13,67.96,5.13
542,2024-06-25,Exam,62,55,90,1,1,4.57,4.4,4.04,3.11,4.26,3.45,0.395,0.429,0.824,1,0,1,0,0,0,26.55,73.62,4.64
543,2024-06-26,Normal_Weekday,36,20,52,1,1,6.21,6.21,5.79,4.92,6.0,4.45,0.601,0.574,1.175,1,0,0,0,0,0,27.9,83.29,6.39
544,2024-06-27,Normal_Weekday,25,20,42,1,1,3.42,3.75,3.24,2.46,3.59,2.89,0.314,0.36,0.674,1,0,0,0,0,0,27.16,79.48,3.78
545,2024-06-28,Event,53,37,72,1,1,7.34,7.97,6.94,6.3,7.52,6.64,0.75,0.799,1.549,1,0,0,0,1,0,27.89,70.04,8.19
546,2024-06-29,Special_Class,45,27,56,1,1,5.12,4.37,4.77,4.09,4.15,3.12,0.498,0.4,0.898,1,0,0,1,0,0,27.84,78.69,5.12
547,2024-06-30,Sunday,0,0,0,0,0,0.0,0.0,0.0,0.0,0.0,0.0,0.0,0.0,0.0,0,1,0,0,0,0,30.33,73.98,0.0
548,2024-07-01,Normal_Weekday,5,30,29,1,1,3.61,3.48,3.19,3.09,3.46,2.51,0.359,0.327,0.686,1,0,0,0,0,0,26.09,84.0,4.18
549,2024-07-02,Exam,40,27,63,1,1,5.03,5.76,4.68,3.6,5.46,4.13,0.457,0.528,0.985,1,0,1,0,0,0,26.7,78.09,5.86
550,2024-07-03,Exam,54,26,60,1,1,4.83,4.84,4.61,4.42,4.79,4.05,0.516,0.495,1.011,1,0,1,0,0,0,28.45,74.73,5.26
551,2024-07-04,Exam,39,43,77,1,1,4.56,3.88,4.49,3.31,3.62,3.17,0.428,0.383,0.811,1,0,1,0,0,0,27.53,80.96,4.83
552,2024-07-05,Event,21,37,39,1,1,5.75,5.74,5.46,4.43,5.12,4.43,0.551,0.537,1.088,1,0,0,0,1,0,21.34,85.09,6.64
553,2024-07-06,Saturday_Class,20,5,19,1,1,3.33,3.34,3.32,2.43,2.98,2.14,0.315,0.28,0.595,1,0,0,0,0,0,26.67,79.26,3.56
554,2024-07-07,Sunday,0,0,0,0,0,0.0,0.0,0.0,0.0,0.0,0.0,0.0,0.0,0.0,0,1,0,0,0,0,29.21,86.2,0.0
555,2024-07-08,Normal_Weekday,28,41,50,1,1,4.63,4.57,4.47,3.91,4.53,3.84,0.472,0.469,0.941,1,0,0,0,0,0,28.9,69.37,5.23
556,2024-07-09,Event,73,55,90,1,1,5.39,6.4,5.29,4.12,6.33,5.87,0.521,0.693,1.214,1,0,0,0,1,0,25.29,73.21,6.26
557,2024-07-10,Normal_Weekday,42,41,66,1,1,5.38,5.25,5.32,3.59,4.88,4.23,0.482,0.512,0.994,1,0,0,0,0,0,24.58,70.97,5.58
558,2024-07-11,Normal_Weekday,36,32,56,1,1,4.1,4.49,3.88,3.07,3.99,3.9,0.385,0.452,0.837,1,0,0,0,0,0,27.91,70.48,4.73
559,2024-07-12,Normal_Weekday,28,32,41,1,1,5.05,5.66,4.53,4.43,5.26,4.51,0.513,0.549,1.062,1,0,0,0,0,0,28.58,74.11,5.5
560,2024-07-13,Saturday_Class,19,15,28,1,1,2.63,2.31,2.54,1.84,2.06,1.49,0.24,0.194,0.434,1,0,0,0,0,0,27.84,56.61,2.65
561,2024-07-14,Sunday,0,0,0,0,0,0.0,0.0,0.0,0.0,0.0,0.0,0.0,0.0,0.0,0,1,0,0,0,0,25.91,81.14,0.0
562,2024-07-15,Normal_Weekday,30,16,43,1,1,4.99,5.09,4.52,4.26,4.73,3.65,0.5,0.463,0.963,1,0,0,0,0,0,30.11,61.29,5.22
563,2024-07-16,Normal_Weekday,32,6,25,1,1,5.53,5.44,5.44,4.9,5.14,4.32,0.585,0.53,1.115,1,0,0,0,0,0,26.87,84.58,5.61
564,2024-07-17,Normal_Weekday,33,32,59,1,1,5.87,4.94,5.41,4.34,4.9,3.94,0.542,0.492,1.034,1,0,0,0,0,0,27.06,75.11,5.65
565,2024-07-18,Normal_Weekday,43,5,38,1,1,6.01,5.83,5.41,5.11,5.56,5.69,0.6,0.649,1.249,1,0,0,0,0,0,31.38,73.11,6.15
566,2024-07-19,Normal_Weekday,21,32,35,1,1,3.72,4.28,3.57,3.09,3.87,3.3,0.375,0.402,0.777,1,0,0,0,0,0,27.49,74.74,4.36
567,2024-07-20,Saturday_Class,29,7,26,1,1,4.26,3.93,4.13,3.41,3.63,3.68,0.421,0.421,0.842,1,0,0,0,0,0,32.21,79.57,4.43
568,2024-07-21,Sunday,0,0,0,0,0,0.0,0.0,0.0,0.0,0.0,0.0,0.0,0.0,0.0,0,1,0,0,0,0,28.54,71.81,0.0
569,2024-07-22,Normal_Weekday,35,20,43,1,1,3.73,3.5,3.62,3.27,3.32,3.24,0.39,0.376,0.766,1,0,0,0,0,0,29.58,81.28,4.25
570,2024-07-23,Normal_Weekday,29,30,51,1,1,4.41,4.66,4.38,3.09,4.6,4.28,0.407,0.505,0.912,1,0,0,0,0,0,26.35,81.49,4.74
571,2024-07-24,Normal_Weekday,31,50,68,1,1,5.82,4.8,5.6,5.41,4.71,4.04,0.63,0.491,1.121,1,0,0,0,0,0,28.2,76.2,5.79
572,2024-07-25,Normal_Weekday,34,39,48,1,1,3.58,3.93,3.55,2.69,3.67,3.03,0.344,0.374,0.718,1,0,0,0,0,0,26.73,72.8,4.2
573,2024-07-26,Normal_Weekday,34,32,56,1,1,4.84,4.93,4.29,3.88,4.69,3.0,0.463,0.413,0.876,1,0,0,0,0,0,26.44,67.37,4.74
574,2024-07-27,Special_Class,46,18,49,1,1,4.43,4.79,4.03,3.72,4.74,3.37,0.44,0.442,0.882,1,0,0,1,0,0,29.25,73.16,5.11
575,2024-07-28,Sunday,0,0,0,0,0,0.0,0.0,0.0,0.0,0.0,0.0,0.0,0.0,0.0,0,1,0,0,0,0,25.9,93.42,0.0
576,2024-07-29,Normal_Weekday,22,31,45,1,1,7.41,7.61,6.68,5.41,7.5,6.02,0.673,0.752,1.425,1,0,0,0,0,0,26.25,84.74,8.0
577,2024-07-30,Normal_Weekday,31,31,56,1,1,3.57,3.61,3.26,2.86,3.28,2.89,0.345,0.348,0.693,1,0,0,0,0,0,25.55,79.65,4.11
578,2024-07-31,Holiday,0,0,0,0,0,0.0,0.0,0.0,0.0,0.0,0.0,0.0,0.0,0.0,0,1,0,0,0,0,28.0,70.97,0.0
579,2024-08-01,Normal_Weekday,36,43,69,1,1,4.26,4.14,3.9,3.23,4.04,3.36,0.398,0.414,0.812,1,0,0,0,0,0,28.89,76.5,4.9
580,2024-08-02,Normal_Weekday,29,38,50,1,1,5.23,5.57,4.65,4.13,5.49,4.67,0.496,0.57,1.066,1,0,0,0,0,0,26.88,69.14,5.47
581,2024-08-03,Saturday_Class,29,20,43,1,1,3.9,3.52,3.66,3.09,3.18,2.52,0.378,0.316,0.694,1,0,0,0,0,0,25.35,78.44,3.72
582,2024-08-04,Sunday,0,0,0,0,0,0.0,0.0,0.0,0.0,0.0,0.0,0.0,0.0,0.0,0,1,0,0,0,0,25.99,76.03,0.0
583,2024-08-05,Normal_Weekday,28,43,64,1,1,4.5,4.45,4.49,3.32,4.25,3.84,0.429,0.458,0.887,1,0,0,0,0,0,29.68,77.66,4.94
584,2024-08-06,Normal_Weekday,33,16,32,1,1,6.41,6.32,5.73,5.06,6.27,5.56,0.609,0.668,1.277,1,0,0,0,0,0,27.05,83.27,6.51
585,2024-08-07,Normal_Weekday,18,12,23,1,1,4.6,3.92,4.07,2.93,3.45,2.65,0.383,0.337,0.72,1,0,0,0,0,0,27.68,65.33,4.71
586,2024-08-08,Exam,34,57,71,1,1,4.52,4.56,4.1,3.8,4.39,3.63,0.449,0.448,0.897,1,0,1,0,0,0,27.93,80.69,4.68
587,2024-08-09,Normal_Weekday,24,13,27,1,1,6.7,6.05,6.26,5.02,5.59,5.3,0.627,0.621,1.248,1,0,0,0,0,0,27.15,83.03,6.54
588,2024-08-10,Special_Class,40,23,54,1,1,5.3,5.08,5.05,3.89,4.94,3.71,0.494,0.476,0.97,1,0,0,1,0,0,26.96,70.93,5.32
589,2024-08-11,Sunday,0,0,0,0,0,0.0,0.0,0.0,0.0,0.0,0.0,0.0,0.0,0.0,0,1,0,0,0,0,26.41,81.47,0.0
590,2024-08-12,Normal_Weekday,23,52,57,1,1,4.91,5.1,4.44,3.64,4.63,4.13,0.451,0.495,0.946,1,0,0,0,0,0,28.39,68.16,5.04
591,2024-08-13,Normal_Weekday,32,40,57,1,1,3.35,3.13,3.18,2.72,2.92,1.96,0.331,0.264,0.595,1,0,0,0,0,0,27.71,51.43,3.76
592,2024-08-14,Normal_Weekday,15,9,20,1,1,7.67,6.57,7.31,6.26,5.9,5.17,0.762,0.624,1.386,1,0,0,0,0,0,30.06,74.63,8.0
593,2024-08-15,Normal_Weekday,59,35,83,1,1,4.18,4.01,4.05,2.8,3.55,2.61,0.372,0.338,0.71,1,0,0,0,0,0,23.69,64.35,4.86
594,2024-08-16,Normal_Weekday,39,37,71,1,1,5.99,6.41,5.43,4.8,6.09,4.48,0.577,0.58,1.157,1,0,0,0,0,0,27.66,65.49,6.68
595,2024-08-17,Saturday_Class,17,19,33,1,1,5.4,4.31,5.14,4.34,4.02,3.02,0.531,0.387,0.918,1,0,0,0,0,0,30.09,79.35,5.32
596,2024-08-18,Sunday,0,0,0,0,0,0.0,0.0,0.0,0.0,0.0,0.0,0.0,0.0,0.0,0,1,0,0,0,0,29.22,55.17,0.0
597,2024-08-19,Normal_Weekday,22,24,37,1,1,6.73,6.55,5.93,5.01,6.39,4.89,0.613,0.622,1.235,1,0,0,0,0,0,27.45,70.42,7.47
598,2024-08-20,Event,33,26,44,1,1,5.81,6.12,5.46,5.02,5.92,3.97,0.595,0.535,1.13,1,0,0,0,1,0,26.59,72.68,5.98
599,2024-08-21,Normal_Weekday,34,43,57,1,1,5.82,5.21,5.13,4.58,5.08,4.11,0.549,0.511,1.06,1,0,0,0,0,0,26.25,77.72,5.85
600,2024-08-22,Normal_Weekday,50,36,63,1,1,6.64,6.22,5.95,5.3,5.78,5.26,0.636,0.626,1.262,1,0,0,0,0,0,30.03,81.44,6.79
601,2024-08-23,Normal_Weekday,20,25,32,1,1,5.86,5.43,5.22,5.0,4.82,5.36,0.584,0.595,1.179,1,0,0,0,0,0,28.22,91.99,6.1
602,2024-08-24,Saturday_Class,11,20,25,1,1,2.85,2.23,2.54,2.1,2.17,1.88,0.259,0.228,0.487,1,0,0,0,0,0,30.78,75.19,2.76
603,2024-08-25,Sunday,0,0,0,0,0,0.0,0.0,0.0,0.0,0.0,0.0,0.0,0.0,0.0,0,1,0,0,0,0,27.54,86.7,0.0
604,2024-08-26,Normal_Weekday,24,31,45,1,1,5.14,5.0,4.99,3.79,4.82,4.17,0.484,0.506,0.99,1,0,0,0,0,0,30.52,64.72,5.13
605,2024-08-27,Normal_Weekday,48,27,61,1,1,4.9,5.18,4.72,3.79,4.87,3.97,0.473,0.493,0.966,1,0,0,0,0,0,30.67,74.77,5.34
606,2024-08-28,Normal_Weekday,33,23,52,1,1,6.52,6.25,5.84,5.02,5.52,5.31,0.61,0.619,1.229,1,0,0,0,0,0,26.78,60.17,6.93
607,2024-08-29,Exam,59,44,90,1,1,4.7,3.91,4.43,3.28,3.61,2.9,0.423,0.362,0.785,1,0,1,0,0,0,27.96,75.9,4.54
608,2024-08-30,Normal_Weekday,23,20,36,1,1,5.97,5.11,5.95,5.75,4.9,4.81,0.669,0.557,1.226,1,0,0,0,0,0,31.67,83.66,5.72
609,2024-08-31,Saturday_Class,30,13,40,1,1,2.34,2.4,2.19,1.9,2.15,1.97,0.23,0.234,0.464,1,0,0,0,0,0,27.33,79.11,2.72
610,2024-09-01,Sunday,0,0,0,0,0,0.0,0.0,0.0,0.0,0.0,0.0,0.0,0.0,0.0,0,1,0,0,0,0,30.15,76.69,0.0
611,2024-09-02,Normal_Weekday,17,20,33,1,1,4.17,4.46,4.11,3.26,4.19,3.33,0.409,0.417,0.826,1,0,0,0,0,0,27.33,71.74,4.25
612,2024-09-03,Normal_Weekday,41,21,48,1,1,5.19,4.91,5.06,4.16,4.74,3.77,0.514,0.472,0.986,1,0,0,0,0,0,29.27,79.3,5.52
613,2024-09-04,Exam,36,43,66,1,1,4.37,3.85,4.16,3.38,3.44,2.66,0.42,0.337,0.757,1,0,1,0,0,0,27.91,55.05,4.26
614,2024-09-05,Normal_Weekday,58,14,50,1,1,4.88,5.08,4.86,3.72,4.79,3.61,0.473,0.462,0.935,1,0,0,0,0,0,25.92,80.96,5.26
615,2024-09-06,Event,58,48,76,1,1,7.24,8.42,6.91,5.39,8.33,5.94,0.681,0.779,1.46,1,0,0,0,1,0,24.24,85.47,8.39
616,2024-09-07,Saturday_Class,31,28,48,1,1,2.99,2.77,2.83,2.31,2.56,1.98,0.286,0.251,0.537,1,0,0,0,0,0,30.57,76.33,2.88
617,2024-09-08,Sunday,0,0,0,0,0,0.0,0.0,0.0,0.0,0.0,0.0,0.0,0.0,0.0,0,1,0,0,0,0,29.7,80.23,0.0
618,2024-09-09,Normal_Weekday,25,12,31,1,1,7.68,7.15,7.31,6.16,6.34,5.35,0.754,0.655,1.409,1,0,0,0,0,0,28.27,65.01,7.94
619,2024-09-10,Normal_Weekday,35,27,43,1,1,4.55,4.12,4.05,4.01,4.04,3.43,0.463,0.419,0.882,1,0,0,0,0,0,30.43,87.26,4.96
620,2024-09-11,Normal_Weekday,22,46,53,1,1,4.37,3.73,3.93,2.69,3.34,2.7,0.359,0.336,0.695,1,0,0,0,0,0,26.08,64.71,4.38
621,2024-09-12,Event,64,59,90,1,1,4.8,5.22,4.56,4.53,4.97,4.28,0.522,0.52,1.042,1,0,0,0,1,0,28.23,70.99,5.57
622,2024-09-13,Normal_Weekday,38,45,61,1,1,6.27,5.76,5.83,5.59,5.07,5.07,0.652,0.583,1.235,1,0,0,0,0,0,28.79,85.66,6.5
623,2024-09-14,Saturday_Class,10,10,15,1,1,3.74,3.46,3.69,2.73,3.09,2.46,0.352,0.308,0.66,1,0,0,0,0,0,24.01,88.65,3.7
624,2024-09-15,Sunday,0,0,0,0,0,0.0,0.0,0.0,0.0,0.0,0.0,0.0,0.0,0.0,0,1,0,0,0,0,27.69,80.09,0.0
625,2024-09-16,Holiday,0,0,0,0,0,0.0,0.0,0.0,0.0,0.0,0.0,0.0,0.0,0.0,0,1,0,0,0,0,29.74,81.88,0.0
626,2024-09-17,Normal_Weekday,32,19,34,1,1,5.8,5.06,5.3,5.0,4.65,3.64,0.587,0.459,1.046,1,0,0,0,0,0,28.62,78.36,5.62
627,2024-09-18,Exam,37,47,68,1,1,3.97,3.65,3.6,3.45,3.46,3.47,0.403,0.399,0.802,1,0,1,0,0,0,29.08,70.96,4.37
628,2024-09-19,Normal_Weekday,35,37,58,1,1,5.12,4.33,4.73,3.17,4.04,2.72,0.427,0.366,0.793,1,0,0,0,0,0,24.98,66.25,5.28
629,2024-09-20,Normal_Weekday,17,14,26,1,1,4.52,4.3,4.09,2.79,4.11,3.33,0.373,0.414,0.787,1,0,0,0,0,0,28.29,69.71,4.35
630,2024-09-21,Saturday_Class,35,19,43,1,1,3.86,4.1,3.55,3.03,3.64,3.44,0.369,0.404,0.773,1,0,0,0,0,0,26.93,90.39,4.46
631,2024-09-22,Sunday,0,0,0,0,0,0.0,0.0,0.0,0.0,0.0,0.0,0.0,0.0,0.0,0,1,0,0,0,0,30.22,73.98,0.0
632,2024-09-23,Normal_Weekday,33,20,50,1,1,5.68,5.86,5.68,4.38,5.31,4.48,0.556,0.548,1.104,1,0,0,0,0,0,29.84,72.64,5.82
633,2024-09-24,Normal_Weekday,38,17,39,1,1,4.98,3.98,4.9,4.04,3.77,3.35,0.499,0.402,0.901,1,0,0,0,0,0,28.72,79.53,4.79
634,2024-09-25,Normal_Weekday,21,28,38,1,1,6.56,6.67,6.19,4.87,6.58,4.39,0.613,0.592,1.205,1,0,0,0,0,0,27.66,70.52,6.4
635,2024-09-26,Normal_Weekday,23,41,54,1,1,5.2,5.46,4.94,4.42,5.06,5.15,0.529,0.589,1.118,1,0,0,0,0,0,30.95,80.91,6.06
636,2024-09-27,Exam,38,24,43,1,1,4.15,4.11,3.98,3.0,4.08,2.97,0.384,0.386,0.77,1,0,1,0,0,0,23.99,70.65,4.35
637,2024-09-28,Special_Class,53,33,69,1,1,4.43,4.7,4.2,3.71,4.63,3.34,0.446,0.436,0.882,1,0,0,1,0,0,26.94,71.03,4.69
638,2024-09-29,Sunday,0,0,0,0,0,0.0,0.0,0.0,0.0,0.0,0.0,0.0,0.0,0.0,0,1,0,0,0,0,30.22,76.15,0.0
639,2024-09-30,Normal_Weekday,23,30,46,1,1,6.21,4.81,5.62,3.86,4.73,3.9,0.514,0.482,0.996,1,0,0,0,0,0,25.72,72.93,5.97
640,2024-10-01,Normal_Weekday,33,26,52,1,1,4.3,4.47,4.1,3.65,4.4,3.55,0.438,0.442,0.88,1,0,0,0,0,0,28.08,66.24,4.91
641,2024-10-02,Normal_Weekday,19,18,28,1,1,6.21,5.68,5.99,4.33,5.36,3.84,0.564,0.502,1.066,1,0,0,0,0,0,25.71,70.65,6.34
642,2024-10-03,Normal_Weekday,9,33,32,1,1,5.8,5.04,5.32,4.32,4.82,4.55,0.537,0.534,1.071,1,0,0,0,0,0,30.24,71.69,5.63
643,2024-10-04,Normal_Weekday,57,15,58,1,1,4.39,4.47,4.05,3.64,4.45,3.34,0.435,0.428,0.863,1,0,0,0,0,0,29.6,63.38,4.91
644,2024-10-05,Saturday_Class,19,22,39,1,1,3.46,3.76,3.43,2.72,3.49,3.16,0.341,0.377,0.718,1,0,0,0,0,0,26.98,67.77,3.76
645,2024-10-06,Sunday,0,0,0,0,0,0.0,0.0,0.0,0.0,0.0,0.0,0.0,0.0,0.0,0,1,0,0,0,0,27.24,71.52,0.0
646,2024-10-07,Normal_Weekday,27,33,56,1,1,6.45,6.75,5.71,5.42,6.31,4.98,0.635,0.626,1.261,1,0,0,0,0,0,25.16,73.18,6.71
647,2024-10-08,Normal_Weekday,32,26,44,1,1,6.54,6.09,6.12,4.17,5.56,3.12,0.558,0.456,1.014,1,0,0,0,0,0,23.74,57.31,6.74
648,2024-10-09,Event,57,51,80,1,1,6.97,6.26,6.74,6.79,5.97,5.4,0.779,0.644,1.423,1,0,0,0,1,0,31.27,63.92,6.69
649,2024-10-10,Holiday,0,0,0,0,0,0.0,0.0,0.0,0.0,0.0,0.0,0.0,0.0,0.0,0,1,0,0,0,0,28.46,81.59,0.0
650,2024-10-11,Normal_Weekday,29,19,34,1,1,4.05,3.92,3.94,2.89,3.88,2.7,0.374,0.358,0.732,1,0,0,0,0,0,22.37,77.01,4.16
651,2024-10-12,Saturday_Class,10,26,34,1,1,3.46,3.18,3.34,2.51,2.95,2.34,0.322,0.294,0.616,1,0,0,0,0,0,28.3,81.12,3.9
652,2024-10-13,Sunday,0,0,0,0,0,0.0,0.0,0.0,0.0,0.0,0.0,0.0,0.0,0.0,0,1,0,0,0,0,24.64,79.61,0.0
653,2024-10-14,Normal_Weekday,45,33,54,1,1,6.59,5.91,5.9,5.61,5.9,4.37,0.657,0.564,1.221,1,0,0,0,0,0,25.52,76.44,6.9
654,2024-10-15,Normal_Weekday,61,24,75,1,1,5.95,4.96,5.91,4.61,4.81,3.54,0.582,0.458,1.04,1,0,0,0,0,0,26.93,74.17,6.05
655,2024-10-16,Normal_Weekday,32,13,35,1,1,3.8,3.64,3.71,2.15,3.22,2.36,0.31,0.306,0.616,1,0,0,0,0,0,27.1,53.28,4.28
656,2024-10-17,Normal_Weekday,27,17,29,1,1,4.91,4.3,4.63,3.17,3.97,2.23,0.423,0.326,0.749,1,0,0,0,0,0,20.76,69.68,5.29
657,2024-10-18,Normal_Weekday,32,33,61,1,1,5.48,5.18,5.17,3.94,4.64,4.52,0.502,0.525,1.027,1,0,0,0,0,0,26.47,71.19,5.79
658,2024-10-19,Special_Class,14,24,30,1,1,2.54,2.09,2.34,1.95,2.02,1.71,0.24,0.209,0.449,1,0,0,1,0,0,26.5,84.14,2.5
659,2024-10-20,Sunday,0,0,0,0,0,0.0,0.0,0.0,0.0,0.0,0.0,0.0,0.0,0.0,0,1,0,0,0,0,27.46,64.42,0.0
660,2024-10-21,Exam,33,38,60,1,1,3.82,4.17,3.62,2.81,4.15,3.1,0.356,0.398,0.754,1,0,1,0,0,0,27.67,64.57,4.42
661,2024-10-22,Holiday,0,0,0,0,0,0.0,0.0,0.0,0.0,0.0,0.0,0.0,0.0,0.0,0,1,0,0,0,0,27.19,58.26,0.0
662,2024-10-23,Exam,51,25,64,1,1,4.82,5.11,4.43,3.55,4.93,4.18,0.443,0.511,0.954,1,0,1,0,0,0,26.98,64.18,5.01
663,2024-10-24,Normal_Weekday,29,44,49,1,1,5.2,4.99,5.19,3.7,4.85,3.72,0.485,0.473,0.958,1,0,0,0,0,0,24.75,83.81,6.05
664,2024-10-25,Normal_Weekday,25,23,33,1,1,4.78,4.71,4.27,3.4,4.31,3.27,0.426,0.418,0.844,1,0,0,0,0,0,24.83,68.06,5.57
665,2024-10-26,Saturday_Class,14,13,23,1,1,4.45,5.37,4.03,2.85,5.09,4.61,0.375,0.549,0.924,1,0,0,0,0,0,25.39,70.38,5.18
666,2024-10-27,Sunday,0,0,0,0,0,0.0,0.0,0.0,0.0,0.0,0.0,0.0,0.0,0.0,0,1,0,0,0,0,24.45,74.72,0.0
667,2024-10-28,Exam,45,31,72,1,1,5.58,4.79,5.26,5.1,4.64,3.68,0.593,0.462,1.055,1,0,1,0,0,0,31.07,61.28,5.48
668,2024-10-29,Normal_Weekday,37,41,58,1,1,3.56,4.05,3.4,2.51,3.97,3.18,0.324,0.397,0.721,1,0,0,0,0,0,29.43,64.94,3.86
669,2024-10-30,Normal_Weekday,37,53,70,1,1,5.55,5.83,5.45,4.91,5.36,5.38,0.586,0.618,1.204,1,0,0,0,0,0,30.01,85.51,5.62
670,2024-10-31,Normal_Weekday,15,25,30,1,1,4.96,4.23,4.46,3.38,4.07,3.49,0.432,0.425,0.857,1,0,0,0,0,0,26.53,55.84,5.17
671,2024-11-01,Exam,59,36,83,1,1,3.57,4.05,3.55,2.79,3.57,3.28,0.351,0.389,0.74,1,0,1,0,0,0,28.9,69.8,4.19
672,2024-11-02,Special_Class,30,8,25,1,1,3.21,3.06,2.96,2.85,2.7,2.35,0.332,0.284,0.616,1,0,0,1,0,0,28.0,65.28,3.39
673,2024-11-03,Sunday,0,0,0,0,0,0.0,0.0,0.0,0.0,0.0,0.0,0.0,0.0,0.0,0,1,0,0,0,0,25.23,77.28,0.0
674,2024-11-04,Normal_Weekday,42,19,42,1,1,6.21,6.43,5.77,4.83,6.39,4.07,0.593,0.561,1.154,1,0,0,0,0,0,27.64,56.45,7.27
675,2024-11-05,Normal_Weekday,14,30,29,1,1,5.59,4.93,5.37,4.04,4.83,4.17,0.518,0.506,1.024,1,0,0,0,0,0,28.37,71.89,5.61
676,2024-11-06,Exam,33,39,59,1,1,5.02,4.64,4.74,3.43,4.35,3.49,0.447,0.436,0.883,1,0,1,0,0,0,26.35,80.96,5.41
677,2024-11-07,Normal_Weekday,46,26,49,1,1,5.87,5.62,5.67,5.1,5.58,4.22,0.609,0.54,1.149,1,0,0,0,0,0,25.76,66.65,6.12
678,2024-11-08,Normal_Weekday,17,27,33,1,1,6.77,5.35,6.75,5.02,5.17,4.76,0.646,0.564,1.21,1,0,0,0,0,0,28.54,68.61,6.54
679,2024-11-09,Saturday_Class,18,29,36,1,1,2.8,2.92,2.66,2.0,2.6,1.93,0.256,0.249,0.505,1,0,0,0,0,0,24.23,69.47,2.78
680,2024-11-10,Sunday,0,0,0,0,0,0.0,0.0,0.0,0.0,0.0,0.0,0.0,0.0,0.0,0,1,0,0,0,0,26.17,74.86,0.0
681,2024-11-11,Event,33,10,38,1,1,3.97,4.51,3.8,2.85,4.08,3.14,0.366,0.399,0.765,1,0,0,0,1,0,27.3,68.76,4.43
682,2024-11-12,Normal_Weekday,23,39,53,1,1,4.65,4.52,4.24,3.25,4.24,3.21,0.413,0.41,0.823,1,0,0,0,0,0,24.9,66.16,5.0
683,2024-11-13,Normal_Weekday,12,23,32,1,1,6.37,5.15,5.9,5.14,5.09,4.59,0.622,0.548,1.17,1,0,0,0,0,0,28.94,61.79,6.1
684,2024-11-14,Normal_Weekday,57,21,66,1,1,4.88,4.44,4.43,3.19,3.98,3.5,0.416,0.422,0.838,1,0,0,0,0,0,26.93,60.51,4.9
685,2024-11-15,Normal_Weekday,35,36,59,1,1,6.35,6.63,5.62,4.4,6.18,4.49,0.555,0.584,1.139,1,0,0,0,0,0,24.63,67.32,6.58
686,2024-11-16,Saturday_Class,20,9,20,1,1,3.25,3.67,3.03,2.29,3.57,3.14,0.293,0.378,0.671,1,0,0,0,0,0,27.35,83.95,3.77
687,2024-11-17,Sunday,0,0,0,0,0,0.0,0.0,0.0,0.0,0.0,0.0,0.0,0.0,0.0,0,1,0,0,0,0,26.09,67.6,0.0
688,2024-11-18,Normal_Weekday,33,46,67,1,1,5.08,5.23,4.73,3.89,4.77,3.81,0.481,0.477,0.958,1,0,0,0,0,0,24.5,72.9,5.78
689,2024-11-19,Normal_Weekday,27,30,38,1,1,3.14,3.45,2.99,2.18,3.11,2.64,0.283,0.322,0.605,1,0,0,0,0,0,27.8,79.91,3.29
690,2024-11-20,Normal_Weekday,22,42,47,1,1,5.79,6.4,5.7,4.52,5.81,5.64,0.567,0.655,1.222,1,0,0,0,0,0,29.22,70.81,6.6
691,2024-11-21,Normal_Weekday,46,20,56,1,1,3.97,4.67,3.7,2.88,4.38,3.21,0.364,0.416,0.78,1,0,0,0,0,0,26.06,69.64,4.5
692,2024-11-22,Event,40,35,51,1,1,5.81,5.81,5.71,4.78,5.74,4.78,0.587,0.588,1.175,1,0,0,0,1,0,26.78,75.63,5.66
693,2024-11-23,Saturday_Class,30,21,37,1,1,4.35,4.16,4.33,2.93,4.11,2.96,0.393,0.386,0.779,1,0,0,0,0,0,28.65,65.63,4.59
694,2024-11-24,Sunday,0,0,0,0,0,0.0,0.0,0.0,0.0,0.0,0.0,0.0,0.0,0.0,0,1,0,0,0,0,24.08,78.67,0.0
695,2024-11-25,Normal_Weekday,39,42,62,1,1,3.99,4.11,3.66,3.18,3.98,3.73,0.385,0.439,0.824,1,0,0,0,0,0,28.16,65.44,4.33
696,2024-11-26,Exam,41,37,65,1,1,3.83,3.81,3.46,3.34,3.42,2.68,0.389,0.338,0.727,1,0,1,0,0,0,28.09,68.6,4.06
697,2024-11-27,Normal_Weekday,39,41,65,1,1,5.56,4.91,4.97,3.66,4.49,4.09,0.473,0.486,0.959,1,0,0,0,0,0,29.64,52.56,5.76
698,2024-11-28,Holiday,0,0,0,0,0,0.0,0.0,0.0,0.0,0.0,0.0,0.0,0.0,0.0,0,1,0,0,0,0,26.21,80.79,0.0
699,2024-11-29,Normal_Weekday,24,38,59,1,1,6.46,5.8,6.27,5.02,5.78,4.58,0.627,0.575,1.202,1,0,0,0,0,0,28.13,82.18,6.7
700,2024-11-30,Saturday_Class,33,30,55,1,1,2.97,2.83,2.68,2.24,2.64,2.07,0.275,0.261,0.536,1,0,0,0,0,0,24.56,76.58,3.0
701,2024-12-01,Sunday,0,0,0,0,0,0.0,0.0,0.0,0.0,0.0,0.0,0.0,0.0,0.0,0,1,0,0,0,0,25.02,41.55,0.0
702,2024-12-02,Normal_Weekday,38,39,53,1,1,5.98,5.68,5.49,3.91,5.03,2.94,0.513,0.422,0.935,1,0,0,0,0,0,22.41,54.15,6.16
703,2024-12-03,Normal_Weekday,38,25,45,1,1,5.55,5.48,4.97,3.46,5.11,3.09,0.458,0.436,0.894,1,0,0,0,0,0,19.76,52.8,6.33
704,2024-12-04,Normal_Weekday,19,6,20,1,1,6.96,6.37,6.22,3.2,6.34,3.5,0.489,0.516,1.005,1,0,0,0,0,0,24.75,51.87,7.31
705,2024-12-05,Exam,51,41,66,1,1,3.25,3.53,2.89,1.86,3.3,2.77,0.255,0.34,0.595,1,0,1,0,0,0,23.48,56.99,3.82
706,2024-12-06,Normal_Weekday,29,24,49,1,1,5.55,6.14,5.4,3.53,5.67,4.42,0.481,0.558,1.039,1,0,0,0,0,0,22.98,49.36,6.49
707,2024-12-07,Saturday_Class,7,23,27,1,1,2.88,2.34,2.73,1.44,2.32,1.35,0.217,0.194,0.411,1,0,0,0,0,0,24.32,42.3,2.77
708,2024-12-08,Sunday,0,0,0,0,0,0.0,0.0,0.0,0.0,0.0,0.0,0.0,0.0,0.0,0,1,0,0,0,0,23.02,66.08,0.0
709,2024-12-09,Normal_Weekday,29,31,53,1,1,4.49,4.32,4.01,2.87,4.23,2.53,0.376,0.359,0.735,1,0,0,0,0,0,22.11,49.18,4.61
710,2024-12-10,Normal_Weekday,46,26,63,1,1,5.07,5.06,4.91,2.99,4.64,2.99,0.421,0.41,0.831,1,0,0,0,0,0,24.45,56.31,5.44
711,2024-12-11,Normal_Weekday,39,40,56,1,1,4.67,5.55,4.34,2.65,5.14,3.94,0.372,0.501,0.873,1,0,0,0,0,0,24.49,55.31,5.46
712,2024-12-12,Normal_Weekday,35,28,59,1,1,5.36,5.68,5.33,3.77,5.12,4.04,0.496,0.508,1.004,1,0,0,0,0,0,18.22,64.44,5.55
713,2024-12-13,Event,54,31,76,1,1,7.02,7.41,6.18,5.09,7.23,4.58,0.629,0.633,1.262,1,0,0,0,1,0,27.14,65.27,7.5
714,2024-12-14,Special_Class,38,14,47,1,1,5.05,4.61,5.0,3.43,4.48,2.82,0.457,0.391,0.848,1,0,0,1,0,0,15.92,58.61,4.89
715,2024-12-15,Sunday,0,0,0,0,0,0.0,0.0,0.0,0.0,0.0,0.0,0.0,0.0,0.0,0,1,0,0,0,0,22.07,46.33,0.0
716,2024-12-16,Exam,48,58,88,1,1,4.04,3.91,3.74,2.51,3.64,2.86,0.338,0.36,0.698,1,0,1,0,0,0,23.25,53.81,4.54
717,2024-12-17,Normal_Weekday,9,28,30,1,1,4.29,4.42,4.25,2.83,4.31,2.87,0.382,0.388,0.77,1,0,0,0,0,0,24.02,55.45,4.71
718,2024-12-18,Normal_Weekday,41,32,61,1,1,3.84,3.24,3.59,2.67,2.94,1.79,0.344,0.252,0.596,1,0,0,0,0,0,20.76,50.39,3.94
719,2024-12-19,Normal_Weekday,24,33,45,1,1,6.39,6.21,6.2,4.22,5.68,3.54,0.564,0.493,1.057,1,0,0,0,0,0,21.52,41.27,7.36
720,2024-12-20,Normal_Weekday,29,18,42,1,1,3.64,3.61,3.56,2.58,3.18,1.98,0.336,0.276,0.612,1,0,0,0,0,0,20.26,53.31,4.01
721,2024-12-21,Saturday_Class,22,4,23,1,1,3.62,2.87,3.45,2.65,2.79,2.01,0.337,0.262,0.599,1,0,0,0,0,0,25.85,50.72,3.58
722,2024-12-22,Sunday,0,0,0,0,0,0.0,0.0,0.0,0.0,0.0,0.0,0.0,0.0,0.0,0,1,0,0,0,0,21.49,45.55,0.0
723,2024-12-23,Normal_Weekday,17,32,37,1,1,6.9,7.06,6.52,3.83,6.96,4.72,0.548,0.632,1.18,1,0,0,0,0,0,23.06,64.43,6.84
724,2024-12-24,Vacation,0,0,0,0,0,0.0,0.0,0.0,0.0,0.0,0.0,0.0,0.0,0.0,0,0,0,0,0,1,27.01,57.28,0.0
725,2024-12-25,Vacation,0,0,0,0,0,0.0,0.0,0.0,0.0,0.0,0.0,0.0,0.0,0.0,0,0,0,0,0,1,23.28,50.65,0.0
726,2024-12-26,Vacation,0,0,0,0,0,0.0,0.0,0.0,0.0,0.0,0.0,0.0,0.0,0.0,0,0,0,0,0,1,22.25,60.03,0.0
727,2024-12-27,Vacation,0,0,0,0,0,0.0,0.0,0.0,0.0,0.0,0.0,0.0,0.0,0.0,0,0,0,0,0,1,22.37,53.7,0.0
728,2024-12-28,Vacation,0,0,0,0,0,0.0,0.0,0.0,0.0,0.0,0.0,0.0,0.0,0.0,0,0,0,0,0,1,22.95,50.27,0.0
729,2024-12-29,Sunday,0,0,0,0,0,0.0,0.0,0.0,0.0,0.0,0.0,0.0,0.0,0.0,0,1,0,0,0,0,22.85,38.84,0.0
730,2024-12-30,Vacation,0,0,0,0,0,0.0,0.0,0.0,0.0,0.0,0.0,0.0,0.0,0.0,0,0,0,0,0,1,24.1,73.81,0.0
731,2024-12-31,Vacation,0,0,0,0,0,0.0,0.0,0.0,0.0,0.0,0.0,0.0,0.0,0.0,0,0,0,0,0,1,21.9,57.99,0.0
732,2025-01-01,Normal_Weekday,35,44,51,1,1,5.71,5.6,5.43,3.41,5.27,3.48,0.473,0.472,0.945,1,0,0,0,0,0,24.7,65.24,6.68
733,2025-01-02,Normal_Weekday,22,35,53,1,1,5.19,5.21,4.83,2.57,4.84,3.25,0.386,0.437,0.823,1,0,0,0,0,0,22.47,40.57,5.39
734,2025-01-03,Event,23,24,33,1,1,7.1,7.44,6.57,4.79,7.18,4.58,0.622,0.631,1.253,1,0,0,0,1,0,23.53,56.03,7.2
735,2025-01-04,Saturday_Class,26,13,37,1,1,3.46,3.45,3.26,2.33,3.08,2.02,0.305,0.275,0.58,1,0,0,0,0,0,22.31,53.93,4.02
736,2025-01-05,Sunday,0,0,0,0,0,0.0,0.0,0.0,0.0,0.0,0.0,0.0,0.0,0.0,0,1,0,0,0,0,23.29,57.89,0.0
737,2025-01-06,Normal_Weekday,22,5,23,1,1,5.29,4.44,4.96,3.02,4.43,2.77,0.425,0.385,0.81,1,0,0,0,0,0,23.64,53.26,5.14
738,2025-01-07,Normal_Weekday,34,38,55,1,1,5.14,4.65,4.84,3.4,4.59,3.05,0.449,0.412,0.861,1,0,0,0,0,0,23.77,52.72,5.03
739,2025-01-08,Exam,65,31,62,1,1,4.64,4.05,4.39,2.87,3.8,2.94,0.391,0.372,0.763,1,0,1,0,0,0,24.28,49.98,4.71
740,2025-01-09,Normal_Weekday,13,41,48,1,1,5.74,5.68,5.34,3.1,5.12,3.56,0.446,0.472,0.918,1,0,0,0,0,0,23.15,42.01,6.29
741,2025-01-10,Normal_Weekday,34,18,41,1,1,5.61,6.56,5.21,3.8,6.11,3.95,0.493,0.541,1.034,1,0,0,0,0,0,22.26,59.54,6.29
742,2025-01-11,Saturday_Class,14,17,26,1,1,3.6,3.93,3.54,1.82,3.75,2.3,0.278,0.322,0.6,1,0,0,0,0,0,20.93,52.44,3.95
743,2025-01-12,Sunday,0,0,0,0,0,0.0,0.0,0.0,0.0,0.0,0.0,0.0,0.0,0.0,0,1,0,0,0,0,18.19,44.06,0.0
744,2025-01-13,Event,79,72,90,1,1,6.24,6.06,5.52,3.9,5.49,4.29,0.513,0.541,1.054,1,0,0,0,1,0,20.79,55.81,6.23
745,2025-01-14,Normal_Weekday,44,34,57,1,1,4.74,5.23,4.29,3.52,5.04,2.97,0.436,0.424,0.86,1,0,0,0,0,0,23.67,54.55,5.4
746,2025-01-15,Normal_Weekday,31,42,49,1,1,5.89,5.58,5.7,3.63,5.31,3.54,0.5,0.478,0.978,1,0,0,0,0,0,22.23,51.97,5.92
747,2025-01-16,Normal_Weekday,29,23,46,1,1,5.04,5.01,4.78,2.74,4.62,3.14,0.397,0.42,0.817,1,0,0,0,0,0,24.43,56.7,5.52
748,2025-01-17,Normal_Weekday,43,35,63,1,1,3.95,3.98,3.7,2.95,3.7,2.83,0.369,0.36,0.729,1,0,0,0,0,0,22.33,65.35,4.04
749,2025-01-18,Saturday_Class,9,14,17,1,1,2.8,2.63,2.65,1.63,2.4,2.0,0.228,0.246,0.474,1,0,0,0,0,0,26.9,45.03,3.1
750,2025-01-19,Sunday,0,0,0,0,0,0.0,0.0,0.0,0.0,0.0,0.0,0.0,0.0,0.0,0,1,0,0,0,0,24.05,79.72,0.0
751,2025-01-20,Exam,34,38,52,1,1,3.89,3.97,3.84,2.49,3.75,2.88,0.34,0.366,0.706,1,0,1,0,0,0,23.56,55.92,3.87
752,2025-01-21,Exam,63,46,90,1,1,6.25,6.14,5.62,3.95,5.43,4.33,0.521,0.542,1.063,1,0,1,0,0,0,22.89,58.92,6.07
753,2025-01-22,Holiday,0,0,0,0,0,0.0,0.0,0.0,0.0,0.0,0.0,0.0,0.0,0.0,0,1,0,0,0,0,24.51,45.04,0.0
754,2025-01-23,Normal_Weekday,34,34,53,1,1,4.26,5.0,3.94,2.9,4.63,2.85,0.375,0.399,0.774,1,0,0,0,0,0,22.95,36.84,4.81
755,2025-01-24,Normal_Weekday,46,34,55,1,1,3.44,3.68,3.38,2.2,3.33,1.99,0.3,0.282,0.582,1,0,0,0,0,0,22.58,47.78,3.99
756,2025-01-25,Special_Class,52,28,61,1,1,2.91,2.88,2.82,1.76,2.73,2.03,0.245,0.261,0.506,1,0,0,1,0,0,23.68,41.75,3.34
757,2025-01-26,Sunday,0,0,0,0,0,0.0,0.0,0.0,0.0,0.0,0.0,0.0,0.0,0.0,0,1,0,0,0,0,21.98,62.73,0.0
758,2025-01-27,Normal_Weekday,54,44,69,1,1,6.65,5.68,5.92,4.61,5.27,4.32,0.583,0.535,1.118,1,0,0,0,0,0,21.65,39.76,6.49
759,2025-01-28,Normal_Weekday,15,15,20,1,1,5.02,4.98,4.72,3.21,4.88,2.77,0.43,0.403,0.833,1,0,0,0,0,0,23.52,50.31,4.91
760,2025-01-29,Normal_Weekday,33,8,30,1,1,4.88,5.11,4.58,2.94,4.81,3.55,0.404,0.459,0.863,1,0,0,0,0,0,22.63,49.16,4.94
761,2025-01-30,Normal_Weekday,44,25,62,1,1,5.84,5.23,5.81,4.02,5.11,3.9,0.534,0.497,1.031,1,0,0,0,0,0,26.95,42.54,5.92
762,2025-01-31,Normal_Weekday,38,22,47,1,1,7.35,6.41,6.97,6.28,5.73,5.2,0.75,0.619,1.369,1,0,0,0,0,0,28.67,51.87,7.72
763,2025-02-01,Saturday_Class,9,15,16,1,1,3.2,3.51,2.91,2.13,3.43,1.77,0.276,0.27,0.546,1,0,0,0,0,0,23.37,50.4,3.51
764,2025-02-02,Sunday,0,0,0,0,0,0.0,0.0,0.0,0.0,0.0,0.0,0.0,0.0,0.0,0,1,0,0,0,0,21.77,48.72,0.0
765,2025-02-03,Normal_Weekday,31,47,61,1,1,5.28,5.31,4.96,2.99,4.85,3.17,0.423,0.432,0.855,1,0,0,0,0,0,24.2,43.71,5.37
766,2025-02-04,Normal_Weekday,42,36,54,1,1,5.91,6.05,5.4,3.97,5.79,4.36,0.514,0.559,1.073,1,0,0,0,0,0,23.73,37.52,5.84
767,2025-02-05,Holiday,0,0,0,0,0,0.0,0.0,0.0,0.0,0.0,0.0,0.0,0.0,0.0,0,1,0,0,0,0,23.55,61.79,0.0
768,2025-02-06,Event,31,46,67,1,1,6.12,6.81,5.98,3.35,6.72,5.02,0.49,0.645,1.135,1,0,0,0,1,0,20.45,60.43,6.98
769,2025-02-07,Normal_Weekday,36,29,44,1,1,5.07,4.92,4.87,2.98,4.79,3.36,0.418,0.444,0.862,1,0,0,0,0,0,23.1,67.79,5.07
770,2025-02-08,Saturday_Class,19,14,24,1,1,3.48,3.21,3.44,2.11,3.16,2.31,0.296,0.3,0.596,1,0,0,0,0,0,21.29,77.53,3.94
771,2025-02-09,Sunday,0,0,0,0,0,0.0,0.0,0.0,0.0,0.0,0.0,0.0,0.0,0.0,0,1,0,0,0,0,18.22,52.36,0.0
772,2025-02-10,Normal_Weekday,36,25,44,1,1,5.1,4.72,4.57,3.1,4.37,3.6,0.415,0.445,0.86,1,0,0,0,0,0,19.6,69.81,5.13
773,2025-02-11,Normal_Weekday,42,19,48,1,1,4.55,5.2,4.44,2.98,4.8,2.53,0.401,0.382,0.783,1,0,0,0,0,0,22.48,53.63,5.15
774,2025-02-12,Normal_Weekday,25,27,35,1,1,6.29,5.55,5.83,4.24,5.02,3.7,0.551,0.478,1.029,1,0,0,0,0,0,23.89,54.96,6.55
775,2025-02-13,Exam,15,49,48,1,1,4.93,4.64,4.8,2.55,4.59,2.71,0.383,0.387,0.77,1,0,1,0,0,0,21.81,44.95,5.07
776,2025-02-14,Normal_Weekday,34,28,51,1,1,7.42,7.36,6.77,3.62,6.58,4.12,0.542,0.572,1.114,1,0,0,0,0,0,23.34,58.03,7.31
777,2025-02-15,Special_Class,17,25,37,1,1,3.98,3.78,3.73,2.47,3.75,2.96,0.334,0.372,0.706,1,0,0,1,0,0,24.39,70.3,3.91
778,2025-02-16,Sunday,0,0,0,0,0,0.0,0.0,0.0,0.0,0.0,0.0,0.0,0.0,0.0,0,1,0,0,0,0,18.65,54.46,0.0
779,2025-02-17,Normal_Weekday,18,34,43,1,1,5.75,5.18,5.67,3.63,4.94,3.74,0.499,0.478,0.977,1,0,0,0,0,0,25.38,54.0,5.81
780,2025-02-18,Normal_Weekday,37,27,53,1,1,5.11,5.29,4.74,3.83,4.93,3.4,0.477,0.452,0.929,1,0,0,0,0,0,18.32,44.67,5.86
781,2025-02-19,Normal_Weekday,22,24,32,1,1,6.27,4.96,5.59,3.64,4.37,3.32,0.497,0.424,0.921,1,0,0,0,0,0,23.66,57.34,6.11
782,2025-02-20,Normal_Weekday,23,19,38,1,1,5.44,4.84,5.17,2.73,4.78,3.23,0.412,0.433,0.845,1,0,0,0,0,0,24.35,48.75,5.57
783,2025-02-21,Normal_Weekday,44,57,69,1,1,5.12,5.89,5.12,3.09,5.79,4.49,0.437,0.568,1.005,1,0,0,0,0,0,23.52,47.43,5.69
784,2025-02-22,Saturday_Class,23,21,29,1,1,3.99,3.59,3.89,2.64,3.41,2.53,0.354,0.326,0.68,1,0,0,0,0,0,23.52,55.43,4.3
785,2025-02-23,Sunday,0,0,0,0,0,0.0,0.0,0.0,0.0,0.0,0.0,0.0,0.0,0.0,0,1,0,0,0,0,21.36,67.47,0.0
786,2025-02-24,Normal_Weekday,36,47,56,1,1,4.07,4.47,3.59,2.25,4.06,3.06,0.312,0.392,0.704,1,0,0,0,0,0,19.59,53.87,4.77
787,2025-02-25,Exam,32,15,33,1,1,4.56,4.39,4.13,2.84,4.14,2.37,0.378,0.343,0.721,1,0,1,0,0,0,21.31,69.67,4.95
788,2025-02-26,Normal_Weekday,26,50,59,1,1,5.46,5.21,4.96,3.26,5.18,3.12,0.443,0.441,0.884,1,0,0,0,0,0,24.2,49.81,5.72
789,2025-02-27,Normal_Weekday,39,50,60,1,1,5.25,4.6,5.08,3.31,4.2,3.32,0.451,0.417,0.868,1,0,0,0,0,0,22.44,69.89,5.52
790,2025-02-28,Event,71,42,89,1,1,7.6,6.26,7.53,4.68,5.86,4.86,0.652,0.599,1.251,1,0,0,0,1,0,21.11,40.88,7.26
791,2025-03-01,Saturday_Class,14,9,16,1,1,3.56,3.32,3.17,2.66,2.96,2.5,0.326,0.306,0.632,1,0,0,0,0,0,32.23,61.14,3.67
792,2025-03-02,Sunday,0,0,0,0,0,0.0,0.0,0.0,0.0,0.0,0.0,0.0,0.0,0.0,0,1,0,0,0,0,33.17,64.73,0.0
793,2025-03-03,Normal_Weekday,45,19,52,1,1,4.61,4.92,4.41,4.61,4.55,4.45,0.522,0.516,1.038,1,0,0,0,0,0,35.93,40.82,4.94
794,2025-03-04,Normal_Weekday,35,25,55,1,1,5.89,5.44,5.27,4.76,4.92,3.91,0.568,0.49,1.058,1,0,0,0,0,0,28.49,64.62,6.01
795,2025-03-05,Normal_Weekday,27,33,47,1,1,4.72,4.33,4.55,3.22,3.87,3.56,0.424,0.422,0.846,1,0,0,0,0,0,28.74,43.43,5.02
796,2025-03-06,Exam,55,39,76,1,1,4.63,4.81,4.39,4.19,4.34,4.24,0.49,0.492,0.982,1,0,1,0,0,0,36.16,41.8,5.07
797,2025-03-07,Normal_Weekday,20,27,40,1,1,7.5,6.5,6.69,5.72,5.96,4.81,0.697,0.599,1.296,1,0,0,0,0,0,30.62,57.41,7.15
798,2025-03-08,Saturday_Class,16,25,36,1,1,2.86,2.82,2.76,2.54,2.72,2.29,0.301,0.281,0.582,1,0,0,0,0,0,34.77,39.31,3.32
799,2025-03-09,Sunday,0,0,0,0,0,0.0,0.0,0.0,0.0,0.0,0.0,0.0,0.0,0.0,0,1,0,0,0,0,32.54,49.1,0.0
800,2025-03-10,Normal_Weekday,10,30,36,1,1,5.71,5.23,5.32,4.57,5.11,3.63,0.556,0.477,1.033,1,0,0,0,0,0,33.07,48.93,6.12
801,2025-03-11,Normal_Weekday,54,39,83,1,1,5.28,4.96,4.67,4.28,4.68,4.79,0.508,0.546,1.054,1,0,0,0,0,0,35.43,48.99,5.98
802,2025-03-12,Normal_Weekday,41,25,53,1,1,5.34,6.06,4.84,3.79,5.92,4.9,0.478,0.604,1.082,1,0,0,0,0,0,25.35,50.11,6.18
803,2025-03-13,Normal_Weekday,37,18,49,1,1,4.7,4.99,4.42,3.67,4.73,3.51,0.452,0.452,0.904,1,0,0,0,0,0,30.85,68.82,5.38
804,2025-03-14,Normal_Weekday,42,23,60,1,1,5.74,5.58,5.49,3.94,4.92,3.38,0.515,0.45,0.965,1,0,0,0,0,0,28.35,45.61,6.24
805,2025-03-15,Special_Class,33,27,42,1,1,5.19,4.82,4.64,3.79,4.81,3.54,0.47,0.458,0.928,1,0,0,1,0,0,33.9,44.25,5.96
806,2025-03-16,Sunday,0,0,0,0,0,0.0,0.0,0.0,0.0,0.0,0.0,0.0,0.0,0.0,0,1,0,0,0,0,31.05,56.41,0.0
807,2025-03-17,Normal_Weekday,35,36,49,1,1,6.62,5.41,6.26,5.95,4.95,4.57,0.697,0.541,1.238,1,0,0,0,0,0,32.04,50.5,6.31
808,2025-03-18,Normal_Weekday,56,16,49,1,1,5.45,4.77,5.27,4.8,4.7,3.67,0.571,0.463,1.034,1,0,0,0,0,0,29.18,61.35,5.39
809,2025-03-19,Normal_Weekday,34,30,51,1,1,4.74,4.89,4.54,3.62,4.89,3.34,0.453,0.446,0.899,1,0,0,0,0,0,29.26,44.4,5.05
810,2025-03-20,Normal_Weekday,31,32,60,1,1,6.79,5.33,6.69,5.72,4.78,4.51,0.697,0.529,1.226,1,0,0,0,0,0,34.57,62.88,6.64
811,2025-03-21,Normal_Weekday,45,43,62,1,1,5.56,5.06,5.14,5.3,5.06,4.43,0.603,0.535,1.138,1,0,0,0,0,0,35.92,65.84,5.53
812,2025-03-22,Saturday_Class,18,23,29,1,1,3.66,3.45,3.24,2.18,3.44,2.79,0.293,0.347,0.64,1,0,0,0,0,0,28.33,58.96,3.49
813,2025-03-23,Sunday,0,0,0,0,0,0.0,0.0,0.0,0.0,0.0,0.0,0.0,0.0,0.0,0,1,0,0,0,0,28.96,41.48,0.0
814,2025-03-24,Normal_Weekday,32,25,46,1,1,5.22,5.42,4.69,3.81,5.14,4.06,0.473,0.51,0.983,1,0,0,0,0,0,30.38,67.82,5.8
815,2025-03-25,Exam,51,43,63,1,1,4.81,4.19,4.41,4.52,3.91,3.9,0.515,0.449,0.964,1,0,1,0,0,0,32.19,44.09,5.23
816,2025-03-26,Normal_Weekday,22,34,51,1,1,4.6,4.24,4.21,3.5,3.82,2.77,0.431,0.361,0.792,1,0,0,0,0,0,30.29,56.57,4.94
817,2025-03-27,Normal_Weekday,34,42,66,1,1,5.05,3.98,4.93,4.17,3.76,2.74,0.51,0.356,0.866,1,0,0,0,0,0,27.28,65.13,4.97
818,2025-03-28,Event,42,10,47,1,1,6.6,6.22,6.42,4.4,5.48,4.9,0.587,0.587,1.174,1,0,0,0,1,0,30.93,44.09,7.24
819,2025-03-29,Saturday_Class,3,11,11,1,1,3.35,3.34,3.22,2.56,3.3,2.52,0.321,0.321,0.642,1,0,0,0,0,0,27.88,69.01,3.69
820,2025-03-30,Sunday,0,0,0,0,0,0.0,0.0,0.0,0.0,0.0,0.0,0.0,0.0,0.0,0,1,0,0,0,0,30.55,69.9,0.0
821,2025-03-31,Normal_Weekday,26,38,45,1,1,3.86,4.25,3.85,3.46,4.19,4.07,0.414,0.473,0.887,1,0,0,0,0,0,35.43,68.22,4.17
822,2025-04-01,Normal_Weekday,42,34,52,1,1,5.02,4.53,4.49,3.88,4.42,3.82,0.471,0.463,0.934,1,0,0,0,0,0,30.17,33.02,5.48
823,2025-04-02,Normal_Weekday,25,23,36,1,1,6.68,5.23,5.89,6.52,5.1,3.94,0.725,0.5,1.225,1,0,0,0,0,0,32.28,78.92,6.42
824,2025-04-03,Event,75,36,90,1,1,4.33,3.98,3.82,3.93,3.97,3.08,0.448,0.39,0.838,1,0,0,0,1,0,31.41,38.1,4.73
825,2025-04-04,Normal_Weekday,13,41,49,1,1,4.47,3.69,4.27,3.75,3.6,2.87,0.452,0.359,0.811,1,0,0,0,0,0,29.81,56.16,4.44
826,2025-04-05,Saturday_Class,23,15,32,1,1,2.41,2.86,2.37,1.73,2.58,1.86,0.225,0.243,0.468,1,0,0,0,0,0,28.76,32.36,2.79
827,2025-04-06,Sunday,0,0,0,0,0,0.0,0.0,0.0,0.0,0.0,0.0,0.0,0.0,0.0,0,1,0,0,0,0,31.26,50.15,0.0
828,2025-04-07,Normal_Weekday,36,19,41,1,1,5.17,5.85,4.62,4.13,5.54,4.96,0.495,0.594,1.089,1,0,0,0,0,0,35.93,59.01,5.82
829,2025-04-08,Normal_Weekday,26,30,39,1,1,4.89,4.05,4.34,3.59,3.73,2.94,0.443,0.37,0.813,1,0,0,0,0,0,32.67,56.81,4.7
830,2025-04-09,Normal_Weekday,27,33,54,1,1,5.71,4.7,5.64,4.63,4.17,4.34,0.573,0.492,1.065,1,0,0,0,0,0,31.73,41.48,5.59
831,2025-04-10,Normal_Weekday,42,13,47,1,1,7.33,7.26,6.82,6.42,7.07,5.43,0.754,0.69,1.444,1,0,0,0,0,0,28.9,68.89,7.07
832,2025-04-11,Normal_Weekday,8,29,26,1,1,5.65,5.69,4.98,5.0,5.15,5.32,0.574,0.605,1.179,1,0,0,0,0,0,32.02,54.01,5.57
833,2025-04-12,Special_Class,44,34,71,1,1,3.5,3.45,3.5,3.48,3.14,3.25,0.401,0.369,0.77,1,0,0,1,0,0,32.72,63.06,3.86
834,2025-04-13,Sunday,0,0,0,0,0,0.0,0.0,0.0,0.0,0.0,0.0,0.0,0.0,0.0,0,1,0,0,0,0,36.48,59.63,0.0
835,2025-04-14,Normal_Weekday,40,35,64,1,1,4.28,4.31,3.89,3.2,3.95,3.34,0.396,0.408,0.804,1,0,0,0,0,0,28.84,56.84,4.61
836,2025-04-15,Normal_Weekday,36,25,52,1,1,5.29,5.26,4.67,4.27,5.06,4.27,0.507,0.523,1.03,1,0,0,0,0,0,33.02,67.96,5.99
837,2025-04-16,Normal_Weekday,20,29,38,1,1,4.4,4.63,3.96,2.98,4.51,3.11,0.382,0.414,0.796,1,0,0,0,0,0,27.46,60.54,4.63
838,2025-04-17,Normal_Weekday,45,26,58,1,1,5.54,5.89,5.2,3.66,5.35,5.09,0.482,0.596,1.078,1,0,0,0,0,0,29.26,52.33,6.29
839,2025-04-18,Normal_Weekday,35,27,42,1,1,5.9,6.08,5.78,4.63,5.75,5.68,0.578,0.656,1.234,1,0,0,0,0,0,33.61,65.46,6.8
840,2025-04-19,Saturday_Class,15,15,26,1,1,2.8,3.22,2.51,1.85,3.16,2.63,0.239,0.324,0.563,1,0,0,0,0,0,29.8,56.42,3.1
841,2025-04-20,Sunday,0,0,0,0,0,0.0,0.0,0.0,0.0,0.0,0.0,0.0,0.0,0.0,0,1,0,0,0,0,30.16,86.92,0.0
842,2025-04-21,Normal_Weekday,29,32,55,1,1,5.63,4.8,5.6,4.81,4.78,4.13,0.585,0.501,1.086,1,0,0,0,0,0,32.2,49.61,5.41
843,2025-04-22,Normal_Weekday,38,25,55,1,1,5.32,6.0,4.81,4.97,5.91,4.95,0.565,0.608,1.173,1,0,0,0,0,0,34.81,71.57,6.06
844,2025-04-23,Exam,55,34,65,1,1,4.27,5.11,4.14,3.68,4.73,4.7,0.442,0.542,0.984,1,0,1,0,0,0,35.98,78.88,4.89
845,2025-04-24,Normal_Weekday,36,48,57,1,1,6.26,6.52,6.16,5.27,6.1,4.95,0.642,0.615,1.257,1,0,0,0,0,0,33.27,54.5,6.81
846,2025-04-25,Normal_Weekday,9,24,27,1,1,4.38,4.13,3.86,3.05,3.83,3.08,0.383,0.384,0.767,1,0,0,0,0,0,30.99,55.08,4.93
847,2025-04-26,Saturday_Class,10,7,15,1,1,3.77,3.04,3.4,3.35,2.71,2.33,0.387,0.283,0.67,1,0,0,0,0,0,30.49,70.4,3.72
848,2025-04-27,Sunday,0,0,0,0,0,0.0,0.0,0.0,0.0,0.0,0.0,0.0,0.0,0.0,0,1,0,0,0,0,31.5,67.71,0.0
849,2025-04-28,Exam,50,49,82,1,1,5.22,5.0,4.62,4.62,4.92,4.23,0.531,0.514,1.045,1,0,1,0,0,0,33.19,47.01,5.69
850,2025-04-29,Exam,43,38,72,1,1,3.41,3.68,3.13,2.45,3.35,2.79,0.309,0.343,0.652,1,0,1,0,0,0,27.21,45.63,3.88
851,2025-04-30,Normal_Weekday,32,22,51,1,1,6.91,6.11,6.85,5.34,5.71,5.45,0.674,0.637,1.311,1,0,0,0,0,0,30.43,59.34,6.82
852,2025-05-01,Normal_Weekday,32,40,48,1,1,4.69,4.57,4.31,4.18,4.14,3.62,0.486,0.437,0.923,1,0,0,0,0,0,29.88,65.03,5.22
853,2025-05-02,Normal_Weekday,36,40,52,1,1,5.05,4.91,4.95,3.39,4.56,4.23,0.452,0.5,0.952,1,0,0,0,0,0,30.18,60.57,5.16
854,2025-05-03,Saturday_Class,28,20,44,1,1,2.75,2.31,2.74,2.24,2.24,2.03,0.278,0.242,0.52,1,0,0,0,0,0,31.79,75.34,2.71
855,2025-05-04,Sunday,0,0,0,0,0,0.0,0.0,0.0,0.0,0.0,0.0,0.0,0.0,0.0,0,1,0,0,0,0,29.06,80.08,0.0
856,2025-05-05,Normal_Weekday,39,57,75,1,1,6.52,6.91,5.98,4.79,6.71,5.71,0.598,0.697,1.295,1,0,0,0,0,0,30.01,44.6,6.9
857,2025-05-06,Normal_Weekday,24,7,27,1,1,5.1,4.17,4.82,4.25,3.95,3.27,0.512,0.403,0.915,1,0,0,0,0,0,30.96,90.4,5.17
858,2025-05-07,Exam,55,42,76,1,1,5.57,4.96,5.14,5.2,4.8,3.86,0.596,0.482,1.078,1,0,1,0,0,0,33.74,64.03,5.64
859,2025-05-08,Normal_Weekday,51,42,77,1,1,5.07,5.06,5.06,4.4,4.62,4.15,0.532,0.496,1.028,1,0,0,0,0,0,33.49,50.3,5.64
860,2025-05-09,Event,30,54,68,1,1,4.6,4.44,4.47,3.96,4.34,3.51,0.476,0.437,0.913,1,0,0,0,1,0,32.32,58.03,5.31
861,2025-05-10,Special_Class,34,21,44,1,1,4.09,3.18,3.88,4.05,3.02,3.0,0.459,0.346,0.805,1,0,0,1,0,0,36.02,56.91,3.96
862,2025-05-11,Sunday,0,0,0,0,0,0.0,0.0,0.0,0.0,0.0,0.0,0.0,0.0,0.0,0,1,0,0,0,0,30.55,46.35,0.0
863,2025-05-12,Normal_Weekday,37,29,55,1,1,4.96,4.35,4.62,4.24,4.28,3.48,0.503,0.432,0.935,1,0,0,0,0,0,31.85,60.93,5.24
864,2025-05-13,Normal_Weekday,32,46,66,1,1,5.27,6.22,4.9,3.98,5.78,5.31,0.494,0.629,1.123,1,0,0,0,0,0,28.5,62.53,5.97
865,2025-05-14,Normal_Weekday,30,25,42,1,1,4.71,5.21,4.45,3.63,4.95,4.27,0.45,0.518,0.968,1,0,0,0,0,0,32.08,68.13,5.29
866,2025-05-15,Vacation,0,0,0,0,0,0.0,0.0,0.0,0.0,0.0,0.0,0.0,0.0,0.0,0,0,0,0,0,1,34.53,58.94,0.0
867,2025-05-16,Vacation,0,0,0,0,0,0.0,0.0,0.0,0.0,0.0,0.0,0.0,0.0,0.0,0,0,0,0,0,1,28.91,49.69,0.0
868,2025-05-17,Vacation,0,0,0,0,0,0.0,0.0,0.0,0.0,0.0,0.0,0.0,0.0,0.0,0,0,0,0,0,1,35.91,59.65,0.0
869,2025-05-18,Sunday,0,0,0,0,0,0.0,0.0,0.0,0.0,0.0,0.0,0.0,0.0,0.0,0,1,0,0,0,0,35.87,62.99,0.0
870,2025-05-19,Vacation,0,0,0,0,0,0.0,0.0,0.0,0.0,0.0,0.0,0.0,0.0,0.0,0,0,0,0,0,1,33.38,67.39,0.0
871,2025-05-20,Vacation,0,0,0,0,0,0.0,0.0,0.0,0.0,0.0,0.0,0.0,0.0,0.0,0,0,0,0,0,1,28.44,61.07,0.0
872,2025-05-21,Vacation,0,0,0,0,0,0.0,0.0,0.0,0.0,0.0,0.0,0.0,0.0,0.0,0,0,0,0,0,1,28.41,55.15,0.0
873,2025-05-22,Vacation,0,0,0,0,0,0.0,0.0,0.0,0.0,0.0,0.0,0.0,0.0,0.0,0,0,0,0,0,1,33.1,47.75,0.0
874,2025-05-23,Vacation,0,0,0,0,0,0.0,0.0,0.0,0.0,0.0,0.0,0.0,0.0,0.0,0,0,0,0,0,1,32.9,43.02,0.0
875,2025-05-24,Vacation,0,0,0,0,0,0.0,0.0,0.0,0.0,0.0,0.0,0.0,0.0,0.0,0,0,0,0,0,1,34.36,51.36,0.0
876,2025-05-25,Sunday,0,0,0,0,0,0.0,0.0,0.0,0.0,0.0,0.0,0.0,0.0,0.0,0,1,0,0,0,0,28.93,43.65,0.0
877,2025-05-26,Vacation,0,0,0,0,0,0.0,0.0,0.0,0.0,0.0,0.0,0.0,0.0,0.0,0,0,0,0,0,1,30.05,38.92,0.0
878,2025-05-27,Vacation,0,0,0,0,0,0.0,0.0,0.0,0.0,0.0,0.0,0.0,0.0,0.0,0,0,0,0,0,1,30.13,68.99,0.0
879,2025-05-28,Vacation,0,0,0,0,0,0.0,0.0,0.0,0.0,0.0,0.0,0.0,0.0,0.0,0,0,0,0,0,1,31.03,46.22,0.0
880,2025-05-29,Vacation,0,0,0,0,0,0.0,0.0,0.0,0.0,0.0,0.0,0.0,0.0,0.0,0,0,0,0,0,1,32.07,59.38,0.0
881,2025-05-30,Vacation,0,0,0,0,0,0.0,0.0,0.0,0.0,0.0,0.0,0.0,0.0,0.0,0,0,0,0,0,1,36.39,65.91,0.0
882,2025-05-31,Vacation,0,0,0,0,0,0.0,0.0,0.0,0.0,0.0,0.0,0.0,0.0,0.0,0,0,0,0,0,1,32.26,67.05,0.0
883,2025-06-01,Sunday,0,0,0,0,0,0.0,0.0,0.0,0.0,0.0,0.0,0.0,0.0,0.0,0,1,0,0,0,0,28.23,75.4,0.0
884,2025-06-02,Vacation,0,0,0,0,0,0.0,0.0,0.0,0.0,0.0,0.0,0.0,0.0,0.0,0,0,0,0,0,1,31.82,62.92,0.0
885,2025-06-03,Vacation,0,0,0,0,0,0.0,0.0,0.0,0.0,0.0,0.0,0.0,0.0,0.0,0,0,0,0,0,1,30.44,75.11,0.0
886,2025-06-04,Vacation,0,0,0,0,0,0.0,0.0,0.0,0.0,0.0,0.0,0.0,0.0,0.0,0,0,0,0,0,1,27.92,71.58,0.0
887,2025-06-05,Vacation,0,0,0,0,0,0.0,0.0,0.0,0.0,0.0,0.0,0.0,0.0,0.0,0,0,0,0,0,1,28.81,75.65,0.0
888,2025-06-06,Vacation,0,0,0,0,0,0.0,0.0,0.0,0.0,0.0,0.0,0.0,0.0,0.0,0,0,0,0,0,1,27.67,70.38,0.0
889,2025-06-07,Vacation,0,0,0,0,0,0.0,0.0,0.0,0.0,0.0,0.0,0.0,0.0,0.0,0,0,0,0,0,1,24.69,70.21,0.0
890,2025-06-08,Sunday,0,0,0,0,0,0.0,0.0,0.0,0.0,0.0,0.0,0.0,0.0,0.0,0,1,0,0,0,0,27.48,77.21,0.0
891,2025-06-09,Vacation,0,0,0,0,0,0.0,0.0,0.0,0.0,0.0,0.0,0.0,0.0,0.0,0,0,0,0,0,1,32.43,71.07,0.0
892,2025-06-10,Vacation,0,0,0,0,0,0.0,0.0,0.0,0.0,0.0,0.0,0.0,0.0,0.0,0,0,0,0,0,1,26.45,70.28,0.0
893,2025-06-11,Vacation,0,0,0,0,0,0.0,0.0,0.0,0.0,0.0,0.0,0.0,0.0,0.0,0,0,0,0,0,1,28.81,80.71,0.0
894,2025-06-12,Vacation,0,0,0,0,0,0.0,0.0,0.0,0.0,0.0,0.0,0.0,0.0,0.0,0,0,0,0,0,1,29.96,82.62,0.0
895,2025-06-13,Vacation,0,0,0,0,0,0.0,0.0,0.0,0.0,0.0,0.0,0.0,0.0,0.0,0,0,0,0,0,1,30.44,73.77,0.0
896,2025-06-14,Vacation,0,0,0,0,0,0.0,0.0,0.0,0.0,0.0,0.0,0.0,0.0,0.0,0,0,0,0,0,1,32.61,73.16,0.0
897,2025-06-15,Sunday,0,0,0,0,0,0.0,0.0,0.0,0.0,0.0,0.0,0.0,0.0,0.0,0,1,0,0,0,0,28.72,86.37,0.0
898,2025-06-16,Normal_Weekday,24,27,35,1,1,6.25,6.07,5.66,4.02,5.8,4.7,0.528,0.584,1.112,1,0,0,0,0,0,29.63,58.07,6.5
899,2025-06-17,Normal_Weekday,29,5,24,1,1,5.0,4.73,4.73,3.9,4.24,4.31,0.482,0.493,0.975,1,0,0,0,0,0,28.51,82.9,5.62
900,2025-06-18,Normal_Weekday,13,36,35,1,1,4.86,5.2,4.39,3.66,5.04,4.28,0.45,0.523,0.973,1,0,0,0,0,0,25.81,82.01,5.25
901,2025-06-19,Normal_Weekday,29,28,37,1,1,5.59,6.33,5.09,5.45,5.8,5.98,0.612,0.68,1.292,1,0,0,0,0,0,29.28,85.47,6.1
902,2025-06-20,Normal_Weekday,28,19,42,1,1,6.28,4.97,5.75,4.73,4.44,3.98,0.585,0.476,1.061,1,0,0,0,0,0,27.12,83.97,6.12
903,2025-06-21,Special_Class,44,64,80,1,1,5.42,5.51,5.3,5.08,5.16,5.51,0.593,0.62,1.213,1,0,0,1,0,0,28.82,90.13,6.01
904,2025-06-22,Sunday,0,0,0,0,0,0.0,0.0,0.0,0.0,0.0,0.0,0.0,0.0,0.0,0,1,0,0,0,0,34.07,88.31,0.0
905,2025-06-23,Event,45,52,66,1,1,7.13,6.24,6.92,6.03,5.94,5.98,0.729,0.686,1.415,1,0,0,0,1,0,29.46,94.57,6.89
906,2025-06-24,Exam,34,42,57,1,1,3.98,4.51,3.94,3.12,4.33,3.67,0.392,0.448,0.84,1,0,1,0,0,0,29.71,68.74,4.33
907,2025-06-25,Exam,57,40,77,1,1,4.18,4.66,3.82,3.33,4.16,4.08,0.403,0.472,0.875,1,0,1,0,0,0,28.42,82.09,4.54
908,2025-06-26,Normal_Weekday,27,20,36,1,1,2.89,2.97,2.75,2.13,2.83,2.64,0.27,0.311,0.581,1,0,0,0,0,0,30.15,67.0,3.0
909,2025-06-27,Normal_Weekday,10,10,18,1,1,4.65,5.02,4.19,3.49,4.43,3.04,0.429,0.405,0.834,1,0,0,0,0,0,26.31,73.27,4.96
910,2025-06-28,Saturday_Class,26,28,40,1,1,4.02,4.35,3.66,3.36,3.9,3.89,0.398,0.448,0.846,1,0,0,0,0,0,29.57,81.3,4.35
911,2025-06-29,Sunday,0,0,0,0,0,0.0,0.0,0.0,0.0,0.0,0.0,0.0,0.0,0.0,0,1,0,0,0,0,28.78,69.32,0.0
912,2025-06-30,Event,39,44,60,1,1,6.18,6.2,5.66,4.33,5.75,4.89,0.551,0.597,1.148,1,0,0,0,1,0,31.97,67.42,6.19
913,2025-07-01,Normal_Weekday,33,21,46,1,1,6.19,5.46,5.91,5.52,5.03,5.29,0.65,0.598,1.248,1,0,0,0,0,0,31.1,81.91,6.07
914,2025-07-02,Normal_Weekday,28,18,36,1,1,5.29,4.91,5.13,4.59,4.54,4.32,0.549,0.506,1.055,1,0,0,0,0,0,31.06,72.44,5.38
915,2025-07-03,Normal_Weekday,21,24,35,1,1,4.93,4.38,4.92,4.24,3.87,3.63,0.515,0.427,0.942,1,0,0,0,0,0,28.21,76.44,4.93
916,2025-07-04,Normal_Weekday,30,28,39,1,1,4.36,4.09,3.89,3.29,3.87,2.86,0.402,0.369,0.771,1,0,0,0,0,0,27.55,77.8,4.36
917,2025-07-05,Special_Class,44,29,62,1,1,4.44,4.35,4.29,4.09,4.09,3.64,0.478,0.437,0.915,1,0,0,1,0,0,31.66,65.63,4.99
918,2025-07-06,Sunday,0,0,0,0,0,0.0,0.0,0.0,0.0,0.0,0.0,0.0,0.0,0.0,0,1,0,0,0,0,27.19,69.87,0.0
919,2025-07-07,Normal_Weekday,18,43,51,1,1,4.81,5.61,4.37,4.27,5.15,4.83,0.495,0.568,1.063,1,0,0,0,0,0,28.31,74.92,5.38
920,2025-07-08,Normal_Weekday,34,36,64,1,1,7.11,7.45,6.39,5.59,6.84,6.2,0.675,0.739,1.414,1,0,0,0,0,0,30.04,76.27,7.16
921,2025-07-09,Normal_Weekday,24,31,51,1,1,4.75,4.3,4.61,3.21,4.25,3.49,0.425,0.432,0.857,1,0,0,0,0,0,29.11,79.19,4.62
922,2025-07-10,Normal_Weekday,32,19,35,1,1,2.97,2.59,2.7,2.6,2.59,2.43,0.303,0.286,0.589,1,0,0,0,0,0,28.99,81.63,3.0
923,2025-07-11,Normal_Weekday,31,25,41,1,1,3.98,3.57,3.71,3.45,3.19,2.76,0.407,0.335,0.742,1,0,0,0,0,0,28.26,89.17,4.46
924,2025-07-12,Saturday_Class,44,12,37,1,1,2.9,3.53,2.58,2.55,3.44,3.07,0.294,0.368,0.662,1,0,0,0,0,0,33.58,81.65,3.38
925,2025-07-13,Sunday,0,0,0,0,0,0.0,0.0,0.0,0.0,0.0,0.0,0.0,0.0,0.0,0,1,0,0,0,0,28.96,81.0,0.0
926,2025-07-14,Normal_Weekday,33,16,37,1,1,6.36,5.86,5.66,4.75,5.59,4.67,0.583,0.574,1.157,1,0,0,0,0,0,26.3,77.44,6.25
927,2025-07-15,Exam,55,54,90,1,1,3.57,3.98,3.23,3.11,3.87,3.55,0.362,0.421,0.783,1,0,1,0,0,0,27.04,80.08,4.05
928,2025-07-16,Normal_Weekday,24,47,60,1,1,7.05,7.33,7.04,4.48,7.2,6.12,0.618,0.747,1.365,1,0,0,0,0,0,27.05,73.24,7.02
929,2025-07-17,Normal_Weekday,20,15,31,1,1,5.94,5.45,5.31,3.07,4.93,4.04,0.443,0.5,0.943,1,0,0,0,0,0,24.76,66.61,6.16
930,2025-07-18,Event,71,37,90,1,1,5.47,4.41,5.32,4.92,4.3,3.44,0.582,0.43,1.012,1,0,0,0,1,0,29.21,69.05,5.31
931,2025-07-19,Saturday_Class,3,10,11,1,1,3.35,3.67,3.17,2.68,3.66,2.82,0.328,0.358,0.686,1,0,0,0,0,0,30.63,68.37,3.66
932,2025-07-20,Sunday,0,0,0,0,0,0.0,0.0,0.0,0.0,0.0,0.0,0.0,0.0,0.0,0,1,0,0,0,0,29.41,69.9,0.0
933,2025-07-21,Normal_Weekday,47,9,48,1,1,3.64,3.91,3.25,3.1,3.46,2.91,0.362,0.357,0.719,1,0,0,0,0,0,29.27,63.72,3.85
934,2025-07-22,Normal_Weekday,20,44,45,1,1,6.43,7.13,5.75,4.97,7.07,5.59,0.603,0.702,1.305,1,0,0,0,0,0,27.59,69.23,7.01
935,2025-07-23,Normal_Weekday,18,25,39,1,1,5.71,4.73,5.29,4.84,4.54,3.72,0.575,0.461,1.036,1,0,0,0,0,0,30.27,79.7,5.6
936,2025-07-24,Normal_Weekday,20,23,28,1,1,5.01,4.51,5.0,3.48,4.13,3.79,0.461,0.449,0.91,1,0,0,0,0,0,26.03,74.37,5.36
937,2025-07-25,Normal_Weekday,47,43,68,1,1,5.68,4.94,5.2,3.96,4.6,4.25,0.505,0.503,1.008,1,0,0,0,0,0,26.96,83.6,5.81
938,2025-07-26,Saturday_Class,18,10,21,1,1,4.44,4.03,4.16,3.6,3.78,3.22,0.436,0.393,0.829,1,0,0,0,0,0,31.04,64.47,4.97
939,2025-07-27,Sunday,0,0,0,0,0,0.0,0.0,0.0,0.0,0.0,0.0,0.0,0.0,0.0,0,1,0,0,0,0,30.15,69.41,0.0
940,2025-07-28,Exam,56,57,86,1,1,5.62,5.32,5.2,4.99,4.9,4.55,0.582,0.537,1.119,1,0,1,0,0,0,27.99,76.26,5.5
941,2025-07-29,Normal_Weekday,54,22,53,1,1,3.4,3.76,3.1,3.12,3.39,3.37,0.358,0.388,0.746,1,0,0,0,0,0,32.13,67.97,3.62
942,2025-07-30,Normal_Weekday,26,27,42,1,1,5.57,5.04,5.36,4.08,4.85,3.6,0.52,0.464,0.984,1,0,0,0,0,0,30.17,66.63,5.83
943,2025-07-31,Normal_Weekday,30,32,41,1,1,4.88,5.57,4.4,3.46,5.19,4.56,0.436,0.55,0.986,1,0,0,0,0,0,26.02,76.23,5.67
944,2025-08-01,Exam,43,35,54,1,1,4.5,4.43,4.28,3.37,4.32,3.16,0.424,0.41,0.834,1,0,1,0,0,0,28.54,53.34,4.71
945,2025-08-02,Special_Class,14,27,38,1,1,3.68,3.19,3.32,2.95,3.14,2.63,0.354,0.323,0.677,1,0,0,1,0,0,30.82,58.89,3.8
946,2025-08-03,Sunday,0,0,0,0,0,0.0,0.0,0.0,0.0,0.0,0.0,0.0,0.0,0.0,0,1,0,0,0,0,28.21,86.62,0.0
947,2025-08-04,Normal_Weekday,40,24,53,1,1,7.26,6.83,6.48,6.08,6.66,5.57,0.715,0.684,1.399,1,0,0,0,0,0,32.92,73.1,6.96
948,2025-08-05,Normal_Weekday,13,11,18,1,1,4.14,3.97,3.8,3.16,3.72,3.21,0.389,0.39,0.779,1,0,0,0,0,0,25.63,86.32,4.0
949,2025-08-06,Exam,30,41,58,1,1,3.91,3.8,3.81,2.71,3.64,3.37,0.356,0.398,0.754,1,0,1,0,0,0,30.23,72.09,3.98
950,2025-08-07,Holiday,0,0,0,0,0,0.0,0.0,0.0,0.0,0.0,0.0,0.0,0.0,0.0,0,1,0,0,0,0,27.27,70.26,0.0
951,2025-08-08,Normal_Weekday,50,30,72,1,1,5.71,5.42,5.25,4.39,5.3,4.22,0.539,0.528,1.067,1,0,0,0,0,0,27.81,78.53,5.88
952,2025-08-09,Saturday_Class,3,11,10,1,1,1.91,1.7,1.79,1.49,1.63,1.12,0.183,0.149,0.332,1,0,0,0,0,0,27.37,72.48,2.0
953,2025-08-10,Sunday,0,0,0,0,0,0.0,0.0,0.0,0.0,0.0,0.0,0.0,0.0,0.0,0,1,0,0,0,0,29.78,64.14,0.0
954,2025-08-11,Normal_Weekday,16,18,32,1,1,5.92,4.96,5.32,4.51,4.53,3.64,0.551,0.454,1.005,1,0,0,0,0,0,27.75,62.59,5.86
955,2025-08-12,Event,15,53,56,1,1,5.74,5.32,5.32,4.09,5.26,4.34,0.52,0.536,1.056,1,0,0,0,1,0,28.72,60.48,5.85
956,2025-08-13,Normal_Weekday,29,15,37,1,1,4.23,4.39,4.09,3.49,4.03,3.4,0.425,0.416,0.841,1,0,0,0,0,0,30.28,65.48,4.67
957,2025-08-14,Normal_Weekday,5,24,27,1,1,6.26,5.6,5.88,3.89,5.44,4.01,0.527,0.518,1.045,1,0,0,0,0,0,24.95,73.09,6.05
958,2025-08-15,Normal_Weekday,35,37,59,1,1,4.86,5.22,4.43,4.81,5.01,5.22,0.538,0.592,1.13,1,0,0,0,0,0,31.92,81.69,5.31
959,2025-08-16,Saturday_Class,8,19,21,1,1,3.19,3.58,2.95,1.96,3.38,2.15,0.265,0.296,0.561,1,0,0,0,0,0,24.66,65.25,3.48
960,2025-08-17,Sunday,0,0,0,0,0,0.0,0.0,0.0,0.0,0.0,0.0,0.0,0.0,0.0,0,1,0,0,0,0,27.71,93.91,0.0
961,2025-08-18,Exam,44,33,63,1,1,3.89,4.28,3.67,2.8,4.28,2.56,0.357,0.363,0.72,1,0,1,0,0,0,26.62,68.55,4.56
962,2025-08-19,Normal_Weekday,35,33,55,1,1,4.68,5.63,4.24,4.68,5.4,5.17,0.521,0.604,1.125,1,0,0,0,0,0,31.55,77.56,5.39
963,2025-08-20,Normal_Weekday,27,31,52,1,1,6.87,6.87,6.85,4.8,6.14,5.86,0.634,0.685,1.319,1,0,0,0,0,0,30.61,70.18,7.2
964,2025-08-21,Normal_Weekday,39,23,58,1,1,5.05,4.42,4.67,4.74,3.97,3.81,0.542,0.445,0.987,1,0,0,0,0,0,28.3,86.53,5.4
965,2025-08-22,Normal_Weekday,30,15,42,1,1,3.4,3.94,3.33,2.89,3.59,3.58,0.35,0.412,0.762,1,0,0,0,0,0,28.21,84.98,3.9
966,2025-08-23,Saturday_Class,30,15,37,1,1,2.78,2.91,2.46,2.4,2.65,2.47,0.278,0.291,0.569,1,0,0,0,0,0,29.27,67.68,2.93
967,2025-08-24,Sunday,0,0,0,0,0,0.0,0.0,0.0,0.0,0.0,0.0,0.0,0.0,0.0,0,1,0,0,0,0,28.47,83.85,0.0
968,2025-08-25,Normal_Weekday,14,18,23,1,1,4.22,4.62,3.88,2.96,4.53,3.95,0.377,0.477,0.854,1,0,0,0,0,0,29.84,75.68,4.89
969,2025-08-26,Normal_Weekday,24,43,54,1,1,6.03,6.05,5.47,3.16,5.69,4.83,0.456,0.59,1.046,1,0,0,0,0,0,24.72,61.63,6.68
970,2025-08-27,Normal_Weekday,64,25,81,1,1,4.54,4.82,4.16,4.19,4.25,3.87,0.481,0.46,0.941,1,0,0,0,0,0,25.33,71.92,5.29
971,2025-08-28,Normal_Weekday,31,31,56,1,1,6.58,6.31,5.91,4.42,5.87,4.13,0.568,0.545,1.113,1,0,0,0,0,0,27.75,64.2,7.18
972,2025-08-29,Normal_Weekday,36,44,75,1,1,6.4,6.55,6.22,5.8,6.0,4.79,0.684,0.599,1.283,1,0,0,0,0,0,30.55,65.89,7.34
973,2025-08-30,Saturday_Class,18,14,29,1,1,3.83,3.83,3.43,2.91,3.69,2.89,0.355,0.364,0.719,1,0,0,0,0,0,25.76,76.71,3.67
974,2025-08-31,Sunday,0,0,0,0,0,0.0,0.0,0.0,0.0,0.0,0.0,0.0,0.0,0.0,0,1,0,0,0,0,30.45,92.44,0.0
975,2025-09-01,Event,67,38,90,1,1,5.74,5.33,5.28,5.35,4.83,4.28,0.612,0.514,1.126,1,0,0,0,1,0,29.67,88.64,5.61
976,2025-09-02,Exam,52,15,56,1,1,4.05,3.79,3.61,3.77,3.44,2.72,0.427,0.342,0.769,1,0,1,0,0,0,26.08,93.28,4.15
977,2025-09-03,Normal_Weekday,55,25,69,1,1,6.15,6.43,5.57,3.97,5.83,4.94,0.521,0.604,1.125,1,0,0,0,0,0,24.78,71.97,6.5
978,2025-09-04,Normal_Weekday,22,32,40,1,1,4.69,3.69,4.24,3.33,3.28,3.3,0.419,0.379,0.798,1,0,0,0,0,0,29.62,63.16,4.54
979,2025-09-05,Normal_Weekday,45,22,49,1,1,4.12,4.47,3.89,3.49,4.37,2.69,0.417,0.377,0.794,1,0,0,0,0,0,26.65,67.31,4.35
980,2025-09-06,Saturday_Class,28,20,35,1,1,3.82,3.76,3.66,3.15,3.61,3.24,0.383,0.387,0.77,1,0,0,0,0,0,27.88,87.37,4.24
981,2025-09-07,Sunday,0,0,0,0,0,0.0,0.0,0.0,0.0,0.0,0.0,0.0,0.0,0.0,0,1,0,0,0,0,28.53,72.3,0.0
982,2025-09-08,Normal_Weekday,38,35,51,1,1,7.86,7.24,7.73,5.45,6.51,5.16,0.718,0.647,1.365,1,0,0,0,0,0,22.73,79.73,7.7
983,2025-09-09,Normal_Weekday,41,36,65,1,1,3.89,4.75,3.63,3.32,4.42,3.59,0.394,0.446,0.84,1,0,0,0,0,0,30.08,62.4,4.56
984,2025-09-10,Exam,52,44,80,1,1,4.65,4.78,4.56,4.0,4.22,3.87,0.482,0.459,0.941,1,0,1,0,0,0,28.37,77.54,5.03
985,2025-09-11,Normal_Weekday,31,18,33,1,1,5.94,5.41,5.23,4.76,4.89,4.2,0.566,0.511,1.077,1,0,0,0,0,0,30.43,70.2,5.74
986,2025-09-12,Normal_Weekday,12,10,15,1,1,4.34,4.69,3.98,2.94,4.5,3.56,0.38,0.447,0.827,1,0,0,0,0,0,26.75,72.35,4.96
987,2025-09-13,Saturday_Class,12,13,22,1,1,3.18,2.98,2.83,2.54,2.96,2.41,0.304,0.299,0.603,1,0,0,0,0,0,31.07,84.35,3.1
988,2025-09-14,Sunday,0,0,0,0,0,0.0,0.0,0.0,0.0,0.0,0.0,0.0,0.0,0.0,0,1,0,0,0,0,28.46,84.16,0.0
989,2025-09-15,Normal_Weekday,32,34,49,1,1,7.13,6.62,6.36,5.41,6.34,5.24,0.66,0.647,1.307,1,0,0,0,0,0,23.76,82.33,6.93
990,2025-09-16,Normal_Weekday,32,19,45,1,1,4.54,5.24,4.07,3.51,5.0,4.22,0.426,0.516,0.942,1,0,0,0,0,0,26.26,90.14,5.1
991,2025-09-17,Normal_Weekday,29,28,38,1,1,4.74,4.59,4.53,3.86,4.47,3.2,0.471,0.419,0.89,1,0,0,0,0,0,26.37,69.18,4.73
992,2025-09-18,Normal_Weekday,12,19,22,1,1,4.59,4.21,4.54,3.83,4.07,3.16,0.469,0.4,0.869,1,0,0,0,0,0,29.62,81.27,4.59
993,2025-09-19,Event,62,31,86,1,1,4.75,5.07,4.25,4.49,4.53,3.52,0.507,0.445,0.952,1,0,0,0,1,0,27.61,78.97,5.31
994,2025-09-20,Saturday_Class,27,14,31,1,1,3.23,2.87,2.98,2.33,2.66,2.12,0.294,0.265,0.559,1,0,0,0,0,0,29.49,79.14,3.43
995,2025-09-21,Sunday,0,0,0,0,0,0.0,0.0,0.0,0.0,0.0,0.0,0.0,0.0,0.0,0,1,0,0,0,0,27.69,80.04,0.0
996,2025-09-22,Normal_Weekday,13,26,33,1,1,5.5,4.48,5.44,4.97,4.06,3.42,0.59,0.419,1.009,1,0,0,0,0,0,31.31,66.2,5.25
997,2025-09-23,Normal_Weekday,32,31,48,1,1,5.23,4.72,5.08,4.56,4.65,3.67,0.545,0.461,1.006,1,0,0,0,0,0,26.82,76.22,5.21
998,2025-09-24,Normal_Weekday,21,31,48,1,1,4.95,4.14,4.61,2.96,3.99,2.99,0.406,0.384,0.79,1,0,0,0,0,0,26.39,61.57,5.14
999,2025-09-25,Exam,15,42,47,1,1,5.02,5.06,4.75,3.43,4.74,4.0,0.447,0.49,0.937,1,0,1,0,0,0,30.69,58.17,4.95
1000,2025-09-26,Normal_Weekday,24,30,46,1,1,4.33,4.67,4.04,3.73,4.6,3.99,0.441,0.483,0.924,1,0,0,0,0,0,27.7,82.07,4.99
1001,2025-09-27,Special_Class,48,20,61,1,1,4.36,3.58,3.86,3.36,3.54,2.86,0.406,0.356,0.762,1,0,0,1,0,0,29.03,72.9,4.29
1002,2025-09-28,Sunday,0,0,0,0,0,0.0,0.0,0.0,0.0,0.0,0.0,0.0,0.0,0.0,0,1,0,0,0,0,26.31,78.75,0.0
1003,2025-09-29,Normal_Weekday,34,43,62,1,1,6.49,6.18,5.82,4.57,5.98,5.6,0.576,0.659,1.235,1,0,0,0,0,0,26.52,78.13,6.26
1004,2025-09-30,Normal_Weekday,36,22,42,1,1,5.23,5.86,4.73,3.9,5.41,5.28,0.482,0.612,1.094,1,0,0,0,0,0,28.78,77.21,5.67
1005,2025-10-01,Normal_Weekday,9,27,25,1,1,5.36,5.23,5.19,3.92,4.64,4.34,0.502,0.511,1.013,1,0,0,0,0,0,25.72,84.28,5.92
1006,2025-10-02,Normal_Weekday,25,29,47,1,1,6.75,5.55,6.11,5.44,5.16,4.27,0.652,0.527,1.179,1,0,0,0,0,0,27.72,65.77,6.52
1007,2025-10-03,Exam,37,40,56,1,1,5.67,5.53,5.45,4.72,5.1,3.92,0.572,0.498,1.07,1,0,1,0,0,0,27.53,61.8,5.62
1008,2025-10-04,Special_Class,33,33,60,1,1,3.93,3.8,3.55,3.46,3.52,2.72,0.402,0.345,0.747,1,0,0,1,0,0,26.23,87.14,4.34
1009,2025-10-05,Sunday,0,0,0,0,0,0.0,0.0,0.0,0.0,0.0,0.0,0.0,0.0,0.0,0,1,0,0,0,0,25.47,67.38,0.0
1010,2025-10-06,Normal_Weekday,21,40,42,1,1,5.1,4.68,4.77,3.22,4.53,2.97,0.432,0.404,0.836,1,0,0,0,0,0,26.09,59.68,4.88
1011,2025-10-07,Normal_Weekday,15,18,30,1,1,6.29,6.83,6.13,4.24,6.56,5.02,0.563,0.639,1.202,1,0,0,0,0,0,27.84,68.29,6.71
1012,2025-10-08,Normal_Weekday,44,20,59,1,1,4.44,5.19,4.09,4.14,4.77,3.57,0.474,0.459,0.933,1,0,0,0,0,0,28.82,74.48,5.01
1013,2025-10-09,Holiday,0,0,0,0,0,0.0,0.0,0.0,0.0,0.0,0.0,0.0,0.0,0.0,0,1,0,0,0,0,28.8,60.65,0.0
1014,2025-10-10,Normal_Weekday,42,26,52,1,1,4.83,4.33,4.31,3.92,3.99,3.64,0.466,0.433,0.899,1,0,0,0,0,0,28.28,73.32,4.82
1015,2025-10-11,Saturday_Class,19,31,38,1,1,2.55,2.39,2.48,1.67,2.31,1.65,0.224,0.216,0.44,1,0,0,0,0,0,24.96,65.45,2.62
1016,2025-10-12,Sunday,0,0,0,0,0,0.0,0.0,0.0,0.0,0.0,0.0,0.0,0.0,0.0,0,1,0,0,0,0,24.09,73.36,0.0
1017,2025-10-13,Normal_Weekday,49,38,57,1,1,4.01,4.08,3.63,3.55,3.9,3.11,0.411,0.389,0.8,1,0,0,0,0,0,28.33,79.44,4.66
1018,2025-10-14,Normal_Weekday,38,19,48,1,1,5.91,5.26,5.5,4.74,4.95,4.34,0.576,0.524,1.1,1,0,0,0,0,0,26.54,71.61,6.25
1019,2025-10-15,Event,49,45,70,1,1,3.97,4.36,3.79,3.07,4.33,3.21,0.382,0.414,0.796,1,0,0,0,1,0,28.98,61.97,4.61
1020,2025-10-16,Holiday,0,0,0,0,0,0.0,0.0,0.0,0.0,0.0,0.0,0.0,0.0,0.0,0,1,0,0,0,0,25.19,62.22,0.0
1021,2025-10-17,Holiday,0,0,0,0,0,0.0,0.0,0.0,0.0,0.0,0.0,0.0,0.0,0.0,0,1,0,0,0,0,26.3,61.04,0.0
1022,2025-10-18,Saturday_Class,21,13,29,1,1,2.21,1.81,2.01,1.84,1.62,1.42,0.218,0.171,0.389,1,0,0,0,0,0,25.64,75.05,2.15
1023,2025-10-19,Sunday,0,0,0,0,0,0.0,0.0,0.0,0.0,0.0,0.0,0.0,0.0,0.0,0,1,0,0,0,0,26.81,70.45,0.0
1024,2025-10-20,Normal_Weekday,30,23,50,1,1,6.71,7.01,6.55,4.73,6.3,4.76,0.617,0.609,1.226,1,0,0,0,0,0,25.9,63.07,7.18
1025,2025-10-21,Normal_Weekday,5,28,26,1,1,6.06,6.02,5.73,3.61,5.35,4.82,0.5,0.576,1.076,1,0,0,0,0,0,27.57,69.01,6.5
1026,2025-10-22,Exam,38,26,49,1,1,4.41,4.99,3.91,3.44,4.93,4.55,0.414,0.538,0.952,1,0,1,0,0,0,28.56,78.41,4.77
1027,2025-10-23,Event,68,36,90,1,1,5.72,5.66,5.67,5.23,5.37,3.92,0.619,0.509,1.128,1,0,0,0,1,0,25.62,74.89,6.12
1028,2025-10-24,Holiday,0,0,0,0,0,0.0,0.0,0.0,0.0,0.0,0.0,0.0,0.0,0.0,0,1,0,0,0,0,24.84,84.59,0.0
1029,2025-10-25,Saturday_Class,25,6,25,1,1,3.58,3.7,3.29,2.7,3.37,2.62,0.334,0.331,0.665,1,0,0,0,0,0,25.43,73.53,3.7
1030,2025-10-26,Sunday,0,0,0,0,0,0.0,0.0,0.0,0.0,0.0,0.0,0.0,0.0,0.0,0,1,0,0,0,0,24.83,66.78,0.0
1031,2025-10-27,Normal_Weekday,28,32,51,1,1,6.12,5.47,5.82,5.44,5.25,4.35,0.641,0.536,1.177,1,0,0,0,0,0,30.09,61.46,5.98
1032,2025-10-28,Normal_Weekday,13,36,34,1,1,3.28,3.06,2.96,2.87,2.73,2.62,0.334,0.306,0.64,1,0,0,0,0,0,31.41,67.96,3.14
1033,2025-10-29,Normal_Weekday,47,36,62,1,1,4.32,5.06,3.99,3.06,4.56,3.73,0.389,0.462,0.851,1,0,0,0,0,0,28.95,71.22,4.99
1034,2025-10-30,Normal_Weekday,17,46,54,1,1,4.54,4.28,4.45,3.14,3.88,2.83,0.414,0.367,0.781,1,0,0,0,0,0,27.91,56.59,4.73
1035,2025-10-31,Normal_Weekday,34,26,44,1,1,5.61,4.65,5.35,4.24,4.52,3.64,0.532,0.454,0.986,1,0,0,0,0,0,26.05,77.57,5.47
1036,2025-11-01,Saturday_Class,15,14,20,1,1,3.17,3.84,3.15,2.08,3.71,2.69,0.282,0.35,0.632,1,0,0,0,0,0,26.31,69.11,3.68
1037,2025-11-02,Sunday,0,0,0,0,0,0.0,0.0,0.0,0.0,0.0,0.0,0.0,0.0,0.0,0,1,0,0,0,0,23.91,63.7,0.0
1038,2025-11-03,Holiday,0,0,0,0,0,0.0,0.0,0.0,0.0,0.0,0.0,0.0,0.0,0.0,0,1,0,0,0,0,29.25,57.74,0.0
1039,2025-11-04,Normal_Weekday,11,29,36,1,1,6.44,5.9,5.96,4.8,5.32,5.26,0.598,0.607,1.205,1,0,0,0,0,0,28.43,69.42,6.76
1040,2025-11-05,Normal_Weekday,29,17,37,1,1,6.05,5.64,5.67,4.87,5.06,3.75,0.592,0.484,1.076,1,0,0,0,0,0,26.53,65.76,6.65
1041,2025-11-06,Normal_Weekday,41,5,38,1,1,4.73,4.72,4.62,3.39,4.41,3.12,0.439,0.41,0.849,1,0,0,0,0,0,26.02,64.78,5.4
1042,2025-11-07,Exam,44,37,76,1,1,4.37,4.1,3.94,3.99,3.81,3.7,0.457,0.43,0.887,1,0,1,0,0,0,28.86,64.54,4.88
1043,2025-11-08,Saturday_Class,38,17,41,1,1,4.31,4.87,4.04,3.61,4.61,3.51,0.432,0.448,0.88,1,0,0,0,0,0,30.62,70.4,4.71
1044,2025-11-09,Sunday,0,0,0,0,0,0.0,0.0,0.0,0.0,0.0,0.0,0.0,0.0,0.0,0,1,0,0,0,0,25.85,75.79,0.0
1045,2025-11-10,Normal_Weekday,40,35,60,1,1,4.29,3.82,3.8,3.76,3.47,2.72,0.434,0.343,0.777,1,0,0,0,0,0,28.25,54.77,4.17
1046,2025-11-11,Normal_Weekday,29,30,43,1,1,5.39,5.69,5.13,3.32,5.21,2.91,0.454,0.427,0.881,1,0,0,0,0,0,24.93,67.08,5.44
1047,2025-11-12,Normal_Weekday,33,45,59,1,1,4.02,3.67,3.59,3.31,3.42,2.63,0.392,0.334,0.726,1,0,0,0,0,0,23.83,84.72,4.53
1048,2025-11-13,Normal_Weekday,43,13,53,1,1,5.54,6.44,5.24,4.16,6.39,4.67,0.522,0.606,1.128,1,0,0,0,0,0,28.64,67.89,6.48
1049,2025-11-14,Normal_Weekday,34,30,57,1,1,5.25,4.9,4.63,3.5,4.52,3.19,0.448,0.42,0.868,1,0,0,0,0,0,26.31,63.2,5.4
1050,2025-11-15,Special_Class,8,20,21,1,1,2.9,3.38,2.7,1.67,3.35,1.92,0.233,0.278,0.511,1,0,0,1,0,0,23.07,54.14,3.39
1051,2025-11-16,Sunday,0,0,0,0,0,0.0,0.0,0.0,0.0,0.0,0.0,0.0,0.0,0.0,0,1,0,0,0,0,30.8,80.59,0.0
1052,2025-11-17,Normal_Weekday,30,9,34,1,1,5.11,4.91,4.66,4.28,4.59,3.26,0.507,0.428,0.935,1,0,0,0,0,0,25.85,75.26,5.34
1053,2025-11-18,Holiday,0,0,0,0,0,0.0,0.0,0.0,0.0,0.0,0.0,0.0,0.0,0.0,0,1,0,0,0,0,28.01,72.99,0.0
1054,2025-11-19,Normal_Weekday,23,27,47,1,1,5.97,6.58,5.45,4.46,5.86,3.92,0.552,0.528,1.08,1,0,0,0,0,0,24.15,53.53,6.44
1055,2025-11-20,Normal_Weekday,32,30,58,1,1,5.05,5.36,4.69,4.18,4.93,3.87,0.501,0.487,0.988,1,0,0,0,0,0,29.37,52.17,5.19
1056,2025-11-21,Normal_Weekday,29,20,35,1,1,6.5,5.78,6.21,4.52,5.32,4.76,0.587,0.57,1.157,1,0,0,0,0,0,26.7,65.06,6.23
1057,2025-11-22,Saturday_Class,16,13,24,1,1,2.19,1.76,2.03,1.69,1.62,1.2,0.208,0.155,0.363,1,0,0,0,0,0,26.08,70.52,2.11
1058,2025-11-23,Sunday,0,0,0,0,0,0.0,0.0,0.0,0.0,0.0,0.0,0.0,0.0,0.0,0,1,0,0,0,0,25.64,71.17,0.0
1059,2025-11-24,Normal_Weekday,36,43,55,1,1,4.95,4.47,4.75,4.36,4.13,3.54,0.517,0.431,0.948,1,0,0,0,0,0,27.28,84.79,5.13
1060,2025-11-25,Event,56,60,89,1,1,5.45,4.22,5.08,3.93,3.99,2.86,0.498,0.374,0.872,1,0,0,0,1,0,24.23,68.23,5.19
1061,2025-11-26,Exam,30,49,60,1,1,3.61,3.07,3.52,2.67,2.74,2.03,0.341,0.262,0.603,1,0,1,0,0,0,27.86,65.95,3.74
1062,2025-11-27,Normal_Weekday,29,33,49,1,1,5.04,4.58,4.62,4.03,4.39,2.98,0.487,0.399,0.886,1,0,0,0,0,0,24.33,78.06,5.29
1063,2025-11-28,Event,53,51,70,1,1,4.19,3.77,4.18,2.79,3.54,3.18,0.376,0.38,0.756,1,0,0,0,1,0,27.67,57.86,4.59
1064,2025-11-29,Saturday_Class,12,32,30,1,1,3.25,3.46,2.86,2.71,3.06,3.13,0.318,0.357,0.675,1,0,0,0,0,0,27.88,81.61,3.37
1065,2025-11-30,Sunday,0,0,0,0,0,0.0,0.0,0.0,0.0,0.0,0.0,0.0,0.0,0.0,0,1,0,0,0,0,26.93,67.98,0.0
1066,2025-12-01,Normal_Weekday,32,34,48,1,1,5.05,5.95,4.81,3.77,5.8,4.66,0.475,0.582,1.057,1,0,0,0,0,0,26.14,47.24,5.93
1067,2025-12-02,Normal_Weekday,56,28,57,1,1,4.67,4.73,4.65,3.83,4.64,3.4,0.473,0.441,0.914,1,0,0,0,0,0,26.46,62.78,5.18
1068,2025-12-03,Normal_Weekday,42,21,50,1,1,5.46,5.43,5.21,3.07,5.35,3.02,0.439,0.44,0.879,1,0,0,0,0,0,21.15,49.65,5.52
1069,2025-12-04,Normal_Weekday,5,44,32,1,1,6.97,6.31,6.92,3.98,5.89,4.21,0.575,0.551,1.126,1,0,0,0,0,0,21.95,40.33,7.49
1070,2025-12-05,Normal_Weekday,29,14,31,1,1,8.13,7.88,7.94,5.22,7.44,4.6,0.709,0.643,1.352,1,0,0,0,0,0,23.52,47.97,7.78
1071,2025-12-06,Saturday_Class,16,20,34,1,1,4.92,5.15,4.75,2.79,4.64,2.86,0.399,0.4,0.799,1,0,0,0,0,0,23.59,44.67,5.5
1072,2025-12-07,Sunday,0,0,0,0,0,0.0,0.0,0.0,0.0,0.0,0.0,0.0,0.0,0.0,0,1,0,0,0,0,24.85,60.9,0.0
1073,2025-12-08,Normal_Weekday,32,31,46,1,1,5.4,5.07,5.19,2.97,4.62,2.96,0.43,0.407,0.837,1,0,0,0,0,0,21.59,57.88,5.46
1074,2025-12-09,Event,82,20,69,1,1,6.67,6.76,6.04,4.97,6.31,4.94,0.614,0.623,1.237,1,0,0,0,1,0,23.17,66.86,7.54
1075,2025-12-10,Normal_Weekday,33,28,43,1,1,4.5,4.44,4.12,2.81,4.43,3.03,0.376,0.404,0.78,1,0,0,0,0,0,20.94,53.78,4.89
1076,2025-12-11,Normal_Weekday,37,28,57,1,1,5.46,5.11,5.46,2.59,5.0,2.64,0.413,0.398,0.811,1,0,0,0,0,0,21.72,55.36,5.42
1077,2025-12-12,Normal_Weekday,30,14,38,1,1,6.44,7.03,5.85,4.05,6.71,3.85,0.538,0.557,1.095,1,0,0,0,0,0,24.07,49.79,7.01
1078,2025-12-13,Saturday_Class,26,5,26,1,1,2.75,2.5,2.73,1.91,2.49,1.57,0.252,0.217,0.469,1,0,0,0,0,0,22.27,62.73,2.89
1079,2025-12-14,Sunday,0,0,0,0,0,0.0,0.0,0.0,0.0,0.0,0.0,0.0,0.0,0.0,0,1,0,0,0,0,25.71,58.95,0.0
1080,2025-12-15,Normal_Weekday,34,14,42,1,1,4.07,4.6,3.6,2.35,4.15,2.58,0.32,0.36,0.68,1,0,0,0,0,0,22.72,53.14,4.78
1081,2025-12-16,Normal_Weekday,28,27,36,1,1,3.13,2.83,3.1,1.97,2.81,1.46,0.272,0.222,0.494,1,0,0,0,0,0,24.1,56.82,3.0
1082,2025-12-17,Normal_Weekday,39,25,46,1,1,6.23,5.09,5.5,4.38,4.52,2.7,0.548,0.383,0.931,1,0,0,0,0,0,19.7,59.58,6.09
1083,2025-12-18,Normal_Weekday,16,34,37,1,1,6.34,6.42,6.29,4.28,5.93,3.7,0.573,0.515,1.088,1,0,0,0,0,0,21.28,43.66,6.56
1084,2025-12-19,Normal_Weekday,37,35,49,1,1,5.27,4.69,4.65,3.67,4.13,3.31,0.461,0.413,0.874,1,0,0,0,0,0,19.66,53.27,5.7
1085,2025-12-20,Special_Class,32,31,50,1,1,2.56,2.15,2.55,1.33,2.04,1.44,0.202,0.19,0.392,1,0,0,1,0,0,20.97,36.39,2.5
1086,2025-12-21,Sunday,0,0,0,0,0,0.0,0.0,0.0,0.0,0.0,0.0,0.0,0.0,0.0,0,1,0,0,0,0,22.28,51.08,0.0
1087,2025-12-22,Exam,35,43,57,1,1,4.46,4.45,4.02,3.24,4.37,2.89,0.404,0.392,0.796,1,0,1,0,0,0,22.7,49.97,4.28
1088,2025-12-23,Normal_Weekday,40,26,63,1,1,4.89,4.95,4.88,3.83,4.92,3.66,0.482,0.471,0.953,1,0,0,0,0,0,26.66,59.14,4.75
1089,2025-12-24,Vacation,0,0,0,0,0,0.0,0.0,0.0,0.0,0.0,0.0,0.0,0.0,0.0,0,0,0,0,0,1,22.0,54.49,0.0
1090,2025-12-25,Vacation,0,0,0,0,0,0.0,0.0,0.0,0.0,0.0,0.0,0.0,0.0,0.0,0,0,0,0,0,1,25.83,62.65,0.0
1091,2025-12-26,Vacation,0,0,0,0,0,0.0,0.0,0.0,0.0,0.0,0.0,0.0,0.0,0.0,0,0,0,0,0,1,20.21,47.21,0.0
1092,2025-12-27,Vacation,0,0,0,0,0,0.0,0.0,0.0,0.0,0.0,0.0,0.0,0.0,0.0,0,0,0,0,0,1,21.44,51.48,0.0
1093,2025-12-28,Sunday,0,0,0,0,0,0.0,0.0,0.0,0.0,0.0,0.0,0.0,0.0,0.0,0,1,0,0,0,0,21.81,55.27,0.0
1094,2025-12-29,Vacation,0,0,0,0,0,0.0,0.0,0.0,0.0,0.0,0.0,0.0,0.0,0.0,0,0,0,0,0,1,24.47,62.22,0.0
1095,2025-12-30,Vacation,0,0,0,0,0,0.0,0.0,0.0,0.0,0.0,0.0,0.0,0.0,0.0,0,0,0,0,0,1,22.35,41.92,0.0
1096,2025-12-31,Vacation,0,0,0,0,0,0.0,0.0,0.0,0.0,0.0,0.0,0.0,0.0,0.0,0,0,0,0,0,1,20.92,50.84,0.0
